order_number,customer_id,product_id,order_date,units,sale_price,currency,order_mode,updated_at
1,212,5,02/03/2025,10,11.60,USD,NEW,2026-02-06 22:12:47
2,1940,10,06/24/2025,8,72.31,USD,NEW,2026-02-06 22:12:47
3,60,6,02/11/2025,4,24.82,INR,NEW,2026-02-06 22:12:47
4,2776,6,05/20/2025,4,20.91,USD,NEW,2026-02-06 22:12:47
5,409,9,07/05/2025,5,98.41,INR,NEW,2026-02-06 22:12:47
6,978,6,12/16/2025,1,6.90,USD,NEW,2026-02-06 22:12:47
7,2904,6,01/01/2026,1,71.56,EUR,NEW,2026-02-06 22:12:47
8,1269,3,08/11/2025,6,47.67,USD,NEW,2026-02-06 22:12:47
9,2628,5,01/16/2025,1,59.05,EUR,NEW,2026-02-06 22:12:47
10,1672,8,08/01/2025,3,43.42,USD,NEW,2026-02-06 22:12:47
11,2666,5,05/25/2025,5,43.98,EUR,NEW,2026-02-06 22:12:47
12,1521,9,02/21/2025,1,9.70,EUR,NEW,2026-02-06 22:12:47
13,2681,1,05/12/2025,3,7.69,CAD,NEW,2026-02-06 22:12:47
14,1485,3,07/21/2025,3,38.58,EUR,NEW,2026-02-06 22:12:47
15,2550,6,08/14/2025,4,5.51,CAD,NEW,2026-02-06 22:12:47
16,259,7,07/04/2025,1,71.70,USD,NEW,2026-02-06 22:12:47
17,1143,1,10/31/2025,5,0.32,EUR,NEW,2026-02-06 22:12:47
18,185,2,10/25/2025,3,98.92,USD,NEW,2026-02-06 22:12:47
19,1819,2,01/02/2026,2,52.88,CAD,NEW,2026-02-06 22:12:47
20,110,1,08/31/2025,7,39.11,INR,NEW,2026-02-06 22:12:47
21,1031,6,12/21/2025,8,15.68,CAD,NEW,2026-02-06 22:12:47
22,1936,5,08/30/2025,2,56.37,EUR,NEW,2026-02-06 22:12:47
23,584,10,04/15/2025,7,63.39,EUR,NEW,2026-02-06 22:12:47
24,934,7,03/06/2025,2,89.93,INR,NEW,2026-02-06 22:12:47
25,2917,10,03/02/2025,6,23.14,EUR,NEW,2026-02-06 22:12:47
26,311,8,07/12/2025,6,94.06,CAD,NEW,2026-02-06 22:12:47
27,866,10,10/10/2025,6,20.61,INR,NEW,2026-02-06 22:12:47
28,311,2,07/14/2025,7,9.21,EUR,NEW,2026-02-06 22:12:47
29,827,9,06/29/2025,8,50.45,CAD,NEW,2026-02-06 22:12:47
30,1946,8,05/07/2025,2,22.43,EUR,NEW,2026-02-06 22:12:47
31,129,5,12/18/2025,7,32.39,EUR,NEW,2026-02-06 22:12:47
32,1717,3,11/10/2025,5,21.64,USD,NEW,2026-02-06 22:12:47
33,35,1,03/13/2025,4,52.16,USD,NEW,2026-02-06 22:12:47
34,2766,5,11/18/2025,5,20.74,USD,NEW,2026-02-06 22:12:47
35,567,9,12/23/2025,3,68.33,EUR,NEW,2026-02-06 22:12:47
36,1341,4,09/26/2025,10,39.83,INR,NEW,2026-02-06 22:12:47
37,988,2,06/12/2025,2,8.03,CAD,NEW,2026-02-06 22:12:47
38,1913,6,07/12/2025,10,0.06,EUR,NEW,2026-02-06 22:12:47
39,2034,6,08/28/2025,8,86.06,CAD,NEW,2026-02-06 22:12:47
40,1751,3,09/15/2025,3,18.81,CAD,NEW,2026-02-06 22:12:47
41,1317,7,01/03/2026,10,41.28,CAD,NEW,2026-02-06 22:12:47
42,2013,4,09/04/2025,5,3.76,INR,NEW,2026-02-06 22:12:47
43,2265,9,04/15/2025,8,71.35,CAD,NEW,2026-02-06 22:12:47
44,1908,10,01/04/2026,5,40.22,USD,NEW,2026-02-06 22:12:47
45,1008,5,10/12/2025,6,55.83,CAD,NEW,2026-02-06 22:12:47
46,1573,10,01/05/2026,2,0.59,USD,NEW,2026-02-06 22:12:47
47,1194,1,04/13/2025,3,61.67,USD,NEW,2026-02-06 22:12:47
48,2020,5,03/16/2025,1,4.45,INR,NEW,2026-02-06 22:12:47
49,2873,5,04/18/2025,8,68.07,USD,NEW,2026-02-06 22:12:47
50,492,4,05/19/2025,2,89.69,INR,NEW,2026-02-06 22:12:47
51,987,7,08/05/2025,7,69.25,CAD,NEW,2026-02-06 22:12:47
52,1426,9,04/17/2025,7,21.35,CAD,NEW,2026-02-06 22:12:47
53,2871,8,04/10/2025,9,61.13,USD,NEW,2026-02-06 22:12:47
54,610,10,01/05/2025,6,77.14,EUR,NEW,2026-02-06 22:12:47
55,177,9,10/16/2025,9,88.70,INR,NEW,2026-02-06 22:12:47
56,2939,5,10/16/2025,6,40.71,INR,NEW,2026-02-06 22:12:47
57,1704,1,02/25/2025,7,89.08,EUR,NEW,2026-02-06 22:12:47
58,146,2,03/22/2025,3,37.22,USD,NEW,2026-02-06 22:12:47
59,1893,10,05/26/2025,1,16.87,USD,NEW,2026-02-06 22:12:47
60,1334,3,05/24/2025,7,32.16,EUR,NEW,2026-02-06 22:12:47
61,1817,5,09/12/2025,6,81.08,EUR,NEW,2026-02-06 22:12:47
62,1521,7,01/10/2025,4,99.42,EUR,NEW,2026-02-06 22:12:47
63,1719,4,05/29/2025,6,40.65,USD,NEW,2026-02-06 22:12:47
64,1339,3,01/03/2025,5,45.26,EUR,NEW,2026-02-06 22:12:47
65,2316,7,02/28/2025,6,32.23,USD,NEW,2026-02-06 22:12:47
66,1498,4,08/25/2025,9,93.04,CAD,NEW,2026-02-06 22:12:47
67,432,5,10/11/2025,10,29.75,EUR,NEW,2026-02-06 22:12:47
68,818,4,10/31/2025,3,36.80,INR,NEW,2026-02-06 22:12:47
69,1131,7,06/21/2025,7,45.89,CAD,NEW,2026-02-06 22:12:47
70,1675,2,04/26/2025,5,14.77,CAD,NEW,2026-02-06 22:12:47
71,2557,10,01/14/2025,2,1.44,EUR,NEW,2026-02-06 22:12:47
72,2175,8,01/08/2025,8,61.05,USD,NEW,2026-02-06 22:12:47
73,2814,4,06/22/2025,9,34.73,INR,NEW,2026-02-06 22:12:47
74,2027,6,01/28/2025,10,83.58,CAD,NEW,2026-02-06 22:12:47
75,1842,7,02/06/2025,4,74.62,INR,NEW,2026-02-06 22:12:47
76,1958,5,11/07/2025,5,2.94,CAD,NEW,2026-02-06 22:12:47
77,133,5,04/05/2025,1,26.18,INR,NEW,2026-02-06 22:12:47
78,2424,8,12/29/2025,2,72.09,USD,NEW,2026-02-06 22:12:47
79,356,6,01/06/2026,2,74.99,EUR,NEW,2026-02-06 22:12:47
80,1029,1,03/03/2025,8,66.86,USD,NEW,2026-02-06 22:12:47
81,1844,9,01/25/2025,7,50.75,USD,NEW,2026-02-06 22:12:47
82,282,5,10/08/2025,10,97.79,CAD,NEW,2026-02-06 22:12:47
83,2204,8,06/07/2025,5,76.05,CAD,NEW,2026-02-06 22:12:47
84,255,8,04/19/2025,1,71.91,CAD,NEW,2026-02-06 22:12:47
85,2730,3,05/15/2025,2,90.01,USD,NEW,2026-02-06 22:12:47
86,2775,8,07/11/2025,5,58.96,USD,NEW,2026-02-06 22:12:47
87,1039,1,06/30/2025,3,30.95,INR,NEW,2026-02-06 22:12:47
88,1178,5,07/27/2025,4,13.49,INR,NEW,2026-02-06 22:12:47
89,2331,4,01/30/2025,8,4.97,EUR,NEW,2026-02-06 22:12:47
90,1964,10,12/27/2025,5,62.67,INR,NEW,2026-02-06 22:12:47
91,457,7,05/27/2025,10,12.20,USD,NEW,2026-02-06 22:12:47
92,371,2,06/10/2025,6,4.96,INR,NEW,2026-02-06 22:12:47
93,2846,1,12/07/2025,6,59.43,CAD,NEW,2026-02-06 22:12:47
94,366,2,12/06/2025,5,52.16,CAD,NEW,2026-02-06 22:12:47
95,55,4,07/16/2025,9,85.78,EUR,NEW,2026-02-06 22:12:47
96,1233,4,07/28/2025,9,87.79,INR,NEW,2026-02-06 22:12:47
97,381,4,06/30/2025,3,51.16,USD,NEW,2026-02-06 22:12:47
98,2724,1,10/20/2025,4,91.91,CAD,NEW,2026-02-06 22:12:47
99,1091,5,08/22/2025,2,0.66,USD,NEW,2026-02-06 22:12:47
100,1648,7,06/26/2025,8,87.26,EUR,NEW,2026-02-06 22:12:47
101,102,10,10/24/2025,1,71.59,USD,NEW,2026-02-06 22:12:47
102,1964,8,08/15/2025,4,35.64,INR,NEW,2026-02-06 22:12:47
103,1860,8,12/24/2025,5,47.37,EUR,NEW,2026-02-06 22:12:47
104,2283,10,10/01/2025,1,92.96,INR,NEW,2026-02-06 22:12:47
105,1584,8,08/21/2025,2,80.22,CAD,NEW,2026-02-06 22:12:47
106,840,10,03/02/2025,1,47.57,EUR,NEW,2026-02-06 22:12:47
107,750,7,04/11/2025,2,24.70,EUR,NEW,2026-02-06 22:12:47
108,623,1,10/02/2025,8,58.93,INR,NEW,2026-02-06 22:12:47
109,1656,8,10/28/2025,7,29.34,CAD,NEW,2026-02-06 22:12:47
110,2364,9,05/04/2025,7,73.99,USD,NEW,2026-02-06 22:12:47
111,1366,3,04/14/2025,10,83.31,USD,NEW,2026-02-06 22:12:47
112,1497,3,05/07/2025,3,89.96,USD,NEW,2026-02-06 22:12:47
113,726,6,01/07/2026,2,98.58,EUR,NEW,2026-02-06 22:12:47
114,562,7,01/08/2026,4,61.96,INR,NEW,2026-02-06 22:12:47
115,1210,8,01/27/2025,9,73.24,CAD,NEW,2026-02-06 22:12:47
116,580,9,05/27/2025,3,12.33,CAD,NEW,2026-02-06 22:12:47
117,814,3,01/08/2025,10,69.90,CAD,NEW,2026-02-06 22:12:47
118,7,8,01/24/2025,5,64.45,USD,NEW,2026-02-06 22:12:47
119,335,7,01/30/2025,7,69.77,CAD,NEW,2026-02-06 22:12:47
120,2357,4,02/02/2025,3,51.00,INR,NEW,2026-02-06 22:12:47
121,484,1,11/21/2025,10,30.40,INR,NEW,2026-02-06 22:12:47
122,108,5,05/13/2025,4,6.96,INR,NEW,2026-02-06 22:12:47
123,83,10,05/17/2025,7,0.93,EUR,NEW,2026-02-06 22:12:47
124,1281,9,08/11/2025,3,40.73,INR,NEW,2026-02-06 22:12:47
125,470,7,01/09/2026,4,83.80,USD,NEW,2026-02-06 22:12:47
126,2950,7,11/05/2025,3,72.28,USD,NEW,2026-02-06 22:12:47
127,330,9,02/10/2025,4,46.17,CAD,NEW,2026-02-06 22:12:47
128,1755,4,04/22/2025,2,36.24,USD,NEW,2026-02-06 22:12:47
129,1925,2,10/05/2025,8,39.35,USD,NEW,2026-02-06 22:12:47
130,103,9,12/15/2025,3,25.30,USD,NEW,2026-02-06 22:12:47
131,1839,5,01/31/2025,9,30.60,EUR,NEW,2026-02-06 22:12:47
132,1016,10,05/29/2025,4,43.93,INR,NEW,2026-02-06 22:12:47
133,1875,1,03/07/2025,3,43.18,CAD,NEW,2026-02-06 22:12:47
134,1823,4,05/18/2025,8,48.39,EUR,NEW,2026-02-06 22:12:47
135,1113,4,04/08/2025,6,49.78,INR,NEW,2026-02-06 22:12:47
136,624,2,07/22/2025,8,42.74,EUR,NEW,2026-02-06 22:12:47
137,1954,3,04/27/2025,10,27.52,USD,NEW,2026-02-06 22:12:47
138,1921,10,07/28/2025,3,7.37,CAD,NEW,2026-02-06 22:12:47
139,985,4,01/10/2026,1,29.95,EUR,NEW,2026-02-06 22:12:47
140,2596,4,10/22/2025,10,20.81,CAD,NEW,2026-02-06 22:12:47
141,723,2,09/12/2025,4,22.79,USD,NEW,2026-02-06 22:12:47
142,1419,10,07/15/2025,6,40.43,INR,NEW,2026-02-06 22:12:47
143,278,5,05/04/2025,1,59.99,USD,NEW,2026-02-06 22:12:47
144,2125,2,07/28/2025,3,81.69,USD,NEW,2026-02-06 22:12:47
145,1063,1,01/15/2025,9,86.47,INR,NEW,2026-02-06 22:12:47
146,2503,8,12/29/2025,8,10.03,USD,NEW,2026-02-06 22:12:47
147,2130,5,01/11/2026,2,2.39,USD,NEW,2026-02-06 22:12:47
148,2213,5,09/17/2025,1,47.72,CAD,NEW,2026-02-06 22:12:47
149,2846,4,09/18/2025,1,90.71,EUR,NEW,2026-02-06 22:12:47
150,2127,2,04/16/2025,1,88.42,EUR,NEW,2026-02-06 22:12:47
151,1773,4,05/08/2025,4,99.90,EUR,NEW,2026-02-06 22:12:47
152,2562,6,01/19/2025,3,4.39,CAD,NEW,2026-02-06 22:12:47
153,1721,10,02/05/2025,2,45.57,INR,NEW,2026-02-06 22:12:47
154,420,8,04/14/2025,9,48.85,USD,NEW,2026-02-06 22:12:47
155,2726,7,12/16/2025,1,15.95,INR,NEW,2026-02-06 22:12:47
156,2396,10,07/23/2025,10,1.32,CAD,NEW,2026-02-06 22:12:47
157,1463,9,05/13/2025,8,59.78,INR,NEW,2026-02-06 22:12:47
158,806,5,03/06/2025,8,23.30,INR,NEW,2026-02-06 22:12:47
159,336,2,12/09/2025,10,70.69,EUR,NEW,2026-02-06 22:12:47
160,2526,6,10/26/2025,3,78.20,CAD,NEW,2026-02-06 22:12:47
161,1400,7,03/21/2025,3,96.02,CAD,NEW,2026-02-06 22:12:47
162,374,2,10/10/2025,2,11.45,EUR,NEW,2026-02-06 22:12:47
163,2599,10,05/10/2025,3,97.80,USD,NEW,2026-02-06 22:12:47
164,334,4,09/16/2025,1,53.17,CAD,NEW,2026-02-06 22:12:47
165,2075,6,09/21/2025,1,27.61,INR,NEW,2026-02-06 22:12:47
166,442,10,11/29/2025,6,39.13,INR,NEW,2026-02-06 22:12:47
167,546,3,03/19/2025,4,89.31,CAD,NEW,2026-02-06 22:12:47
168,189,6,06/19/2025,10,17.12,INR,NEW,2026-02-06 22:12:47
169,560,6,09/01/2025,3,42.36,USD,NEW,2026-02-06 22:12:47
170,1448,4,06/16/2025,8,64.60,USD,NEW,2026-02-06 22:12:47
171,2858,2,08/21/2025,9,78.29,CAD,NEW,2026-02-06 22:12:47
172,2035,4,05/14/2025,8,58.76,INR,NEW,2026-02-06 22:12:47
173,2873,5,03/31/2025,1,62.47,CAD,NEW,2026-02-06 22:12:47
174,1009,7,12/14/2025,10,89.95,EUR,NEW,2026-02-06 22:12:47
175,2040,2,02/01/2025,7,18.19,USD,NEW,2026-02-06 22:12:47
176,69,4,10/26/2025,9,72.04,USD,NEW,2026-02-06 22:12:47
177,2582,10,11/25/2025,10,18.61,INR,NEW,2026-02-06 22:12:47
178,2032,9,01/19/2025,8,16.55,CAD,NEW,2026-02-06 22:12:47
179,2685,7,05/18/2025,5,75.80,INR,NEW,2026-02-06 22:12:47
180,2361,1,12/25/2025,3,0.28,INR,NEW,2026-02-06 22:12:47
181,545,1,02/25/2025,9,46.41,USD,NEW,2026-02-06 22:12:47
182,2055,10,05/17/2025,2,68.24,INR,NEW,2026-02-06 22:12:47
183,2015,10,04/15/2025,4,10.96,USD,NEW,2026-02-06 22:12:47
184,1443,5,07/22/2025,6,43.19,CAD,NEW,2026-02-06 22:12:47
185,2015,2,06/09/2025,10,97.15,EUR,NEW,2026-02-06 22:12:47
186,1519,10,10/04/2025,2,56.97,EUR,NEW,2026-02-06 22:12:47
187,1532,9,10/14/2025,4,65.28,EUR,NEW,2026-02-06 22:12:47
188,2263,6,04/28/2025,6,44.05,USD,NEW,2026-02-06 22:12:47
189,873,5,12/09/2025,9,95.58,CAD,NEW,2026-02-06 22:12:47
190,352,8,04/16/2025,7,4.60,CAD,NEW,2026-02-06 22:12:47
191,867,7,04/24/2025,5,15.28,CAD,NEW,2026-02-06 22:12:47
192,1706,8,01/13/2026,9,79.63,INR,NEW,2026-02-06 22:12:47
193,2685,3,01/07/2025,9,4.45,CAD,NEW,2026-02-06 22:12:47
194,330,8,05/07/2025,6,5.08,USD,NEW,2026-02-06 22:12:47
195,285,4,07/07/2025,3,13.00,USD,NEW,2026-02-06 22:12:47
196,2897,4,04/21/2025,5,41.52,USD,NEW,2026-02-06 22:12:47
197,2391,2,04/29/2025,10,31.89,INR,NEW,2026-02-06 22:12:47
198,2330,9,03/28/2025,9,23.49,USD,NEW,2026-02-06 22:12:47
199,594,3,05/20/2025,3,50.29,EUR,NEW,2026-02-06 22:12:47
200,30,4,01/27/2025,8,0.32,EUR,NEW,2026-02-06 22:12:47
201,1821,7,07/23/2025,1,81.14,INR,NEW,2026-02-06 22:12:47
202,868,6,02/24/2025,8,20.69,USD,NEW,2026-02-06 22:12:47
203,1978,10,11/18/2025,1,27.56,INR,NEW,2026-02-06 22:12:47
204,649,6,07/13/2025,10,11.42,EUR,NEW,2026-02-06 22:12:47
205,2694,6,08/18/2025,6,95.17,EUR,NEW,2026-02-06 22:12:47
206,1580,6,01/31/2025,10,29.04,INR,NEW,2026-02-06 22:12:47
207,2590,5,10/23/2025,4,27.06,USD,NEW,2026-02-06 22:12:47
208,2146,8,09/11/2025,4,13.67,INR,NEW,2026-02-06 22:12:47
209,2356,3,03/07/2025,6,59.48,USD,NEW,2026-02-06 22:12:47
210,2045,7,05/24/2025,3,80.90,INR,NEW,2026-02-06 22:12:47
211,2551,6,04/11/2025,4,64.20,EUR,NEW,2026-02-06 22:12:47
212,2763,4,11/10/2025,3,57.86,USD,NEW,2026-02-06 22:12:47
213,1224,3,12/01/2025,9,20.66,USD,NEW,2026-02-06 22:12:47
214,1043,4,09/02/2025,3,93.23,USD,NEW,2026-02-06 22:12:47
215,1388,6,06/23/2025,6,40.49,INR,NEW,2026-02-06 22:12:47
216,2406,3,04/07/2025,9,69.49,INR,NEW,2026-02-06 22:12:47
217,1524,5,05/18/2025,2,68.51,CAD,NEW,2026-02-06 22:12:47
218,2916,6,01/21/2025,6,77.10,CAD,NEW,2026-02-06 22:12:47
219,395,3,12/03/2025,10,11.75,INR,NEW,2026-02-06 22:12:47
220,1007,3,01/07/2026,2,99.10,EUR,NEW,2026-02-06 22:12:47
221,1918,3,11/21/2025,5,37.86,EUR,NEW,2026-02-06 22:12:47
222,1882,4,09/02/2025,6,52.73,USD,NEW,2026-02-06 22:12:47
223,1697,9,08/12/2025,6,36.96,USD,NEW,2026-02-06 22:12:47
224,956,5,06/28/2025,3,45.68,INR,NEW,2026-02-06 22:12:47
225,1171,5,08/11/2025,10,56.37,CAD,NEW,2026-02-06 22:12:47
226,2563,6,05/04/2025,3,18.47,CAD,NEW,2026-02-06 22:12:47
227,652,7,08/24/2025,9,75.41,USD,NEW,2026-02-06 22:12:47
228,2281,1,05/16/2025,7,0.07,CAD,NEW,2026-02-06 22:12:47
229,2215,6,12/13/2025,7,98.23,USD,NEW,2026-02-06 22:12:47
230,2494,7,05/21/2025,8,62.41,USD,NEW,2026-02-06 22:12:47
231,2568,7,08/11/2025,7,23.17,USD,NEW,2026-02-06 22:12:47
232,2567,7,12/29/2025,6,63.39,INR,NEW,2026-02-06 22:12:47
233,2071,6,12/25/2025,3,18.98,EUR,NEW,2026-02-06 22:12:47
234,1877,3,05/10/2025,7,63.68,CAD,NEW,2026-02-06 22:12:47
235,377,2,09/01/2025,7,98.56,EUR,NEW,2026-02-06 22:12:47
236,2368,10,01/13/2025,4,13.20,EUR,NEW,2026-02-06 22:12:47
237,588,5,12/09/2025,4,45.01,CAD,NEW,2026-02-06 22:12:47
238,2399,4,05/04/2025,9,52.69,EUR,NEW,2026-02-06 22:12:47
239,1819,10,01/03/2026,6,24.86,USD,NEW,2026-02-06 22:12:47
240,458,8,12/12/2025,9,9.47,EUR,NEW,2026-02-06 22:12:47
241,1470,8,11/19/2025,10,36.32,EUR,NEW,2026-02-06 22:12:47
242,1102,7,05/21/2025,4,59.74,EUR,NEW,2026-02-06 22:12:47
243,2205,10,11/14/2025,10,60.98,INR,NEW,2026-02-06 22:12:47
244,2601,7,04/02/2025,7,93.03,INR,NEW,2026-02-06 22:12:47
245,1651,5,03/04/2025,4,98.39,USD,NEW,2026-02-06 22:12:47
246,287,8,08/01/2025,1,8.55,CAD,NEW,2026-02-06 22:12:47
247,428,4,04/06/2025,4,77.19,CAD,NEW,2026-02-06 22:12:47
248,2930,1,03/14/2025,1,15.65,CAD,NEW,2026-02-06 22:12:47
249,1006,9,10/04/2025,7,25.92,EUR,NEW,2026-02-06 22:12:47
250,2240,6,11/14/2025,9,84.88,CAD,NEW,2026-02-06 22:12:47
251,579,2,09/01/2025,2,99.18,USD,NEW,2026-02-06 22:12:47
252,2262,10,01/25/2025,9,28.41,INR,NEW,2026-02-06 22:12:47
253,2481,5,10/17/2025,1,90.79,INR,NEW,2026-02-06 22:12:47
254,1399,1,09/13/2025,5,37.40,EUR,NEW,2026-02-06 22:12:47
255,661,2,08/13/2025,10,89.22,USD,NEW,2026-02-06 22:12:47
256,2856,10,01/17/2025,6,98.76,USD,NEW,2026-02-06 22:12:47
257,1593,4,04/09/2025,3,17.23,USD,NEW,2026-02-06 22:12:47
258,1788,6,10/15/2025,2,47.18,INR,NEW,2026-02-06 22:12:47
259,826,9,03/07/2025,1,92.16,CAD,NEW,2026-02-06 22:12:47
260,2233,7,02/24/2025,8,82.33,EUR,NEW,2026-02-06 22:12:47
261,2088,10,05/22/2025,10,74.42,USD,NEW,2026-02-06 22:12:47
262,21,1,03/02/2025,1,44.40,INR,NEW,2026-02-06 22:12:47
263,1758,6,01/01/2025,9,86.33,CAD,NEW,2026-02-06 22:12:47
264,26,3,11/01/2025,9,98.24,EUR,NEW,2026-02-06 22:12:47
265,2793,1,01/08/2025,4,83.34,CAD,NEW,2026-02-06 22:12:47
266,514,5,01/15/2025,7,9.19,EUR,NEW,2026-02-06 22:12:47
267,25,4,09/06/2025,6,91.00,CAD,NEW,2026-02-06 22:12:47
268,1276,6,05/05/2025,10,46.04,EUR,NEW,2026-02-06 22:12:47
269,1822,10,02/10/2025,10,33.00,INR,NEW,2026-02-06 22:12:47
270,1131,6,04/12/2025,5,48.93,CAD,NEW,2026-02-06 22:12:47
271,1087,8,02/11/2025,9,19.18,EUR,NEW,2026-02-06 22:12:47
272,2496,2,01/09/2026,8,56.46,INR,NEW,2026-02-06 22:12:47
273,632,2,09/25/2025,9,50.01,EUR,NEW,2026-02-06 22:12:47
274,2303,4,12/13/2025,7,30.73,USD,NEW,2026-02-06 22:12:47
275,538,7,05/17/2025,4,46.13,INR,NEW,2026-02-06 22:12:47
276,77,3,02/27/2025,6,11.62,EUR,NEW,2026-02-06 22:12:47
277,34,10,11/06/2025,10,21.05,USD,NEW,2026-02-06 22:12:47
278,2507,7,05/13/2025,8,60.33,CAD,NEW,2026-02-06 22:12:47
279,2033,5,09/18/2025,10,80.63,EUR,NEW,2026-02-06 22:12:47
280,1953,6,01/23/2025,8,23.04,CAD,NEW,2026-02-06 22:12:47
281,276,2,05/18/2025,6,60.50,USD,NEW,2026-02-06 22:12:47
282,962,7,01/02/2025,9,23.77,EUR,NEW,2026-02-06 22:12:47
283,2209,7,11/22/2025,9,56.42,EUR,NEW,2026-02-06 22:12:47
284,1700,4,10/11/2025,3,18.00,EUR,NEW,2026-02-06 22:12:47
285,2798,9,09/13/2025,6,11.20,EUR,NEW,2026-02-06 22:12:47
286,2186,4,06/26/2025,2,69.95,INR,NEW,2026-02-06 22:12:47
287,2733,9,05/12/2025,6,58.10,CAD,NEW,2026-02-06 22:12:47
288,2754,7,11/28/2025,9,27.02,EUR,NEW,2026-02-06 22:12:47
289,2454,1,11/07/2025,6,9.35,EUR,NEW,2026-02-06 22:12:47
290,1138,10,07/06/2025,6,45.23,CAD,NEW,2026-02-06 22:12:47
291,2739,4,03/15/2025,3,61.44,CAD,NEW,2026-02-06 22:12:47
292,2100,7,03/31/2025,10,31.41,INR,NEW,2026-02-06 22:12:47
293,1718,8,05/13/2025,2,18.11,CAD,NEW,2026-02-06 22:12:47
294,722,1,08/21/2025,3,91.47,CAD,NEW,2026-02-06 22:12:47
295,735,6,09/27/2025,3,50.38,USD,NEW,2026-02-06 22:12:47
296,1863,4,03/08/2025,3,74.08,USD,NEW,2026-02-06 22:12:47
297,2477,6,02/18/2025,7,42.02,INR,NEW,2026-02-06 22:12:47
298,1444,8,02/18/2025,5,60.54,CAD,NEW,2026-02-06 22:12:47
299,3,1,03/06/2025,1,98.42,CAD,NEW,2026-02-06 22:12:47
300,2819,8,08/21/2025,9,47.74,INR,NEW,2026-02-06 22:12:47
301,2796,2,01/31/2025,5,92.74,USD,NEW,2026-02-06 22:12:47
302,334,3,05/19/2025,3,18.24,EUR,NEW,2026-02-06 22:12:47
303,1342,5,12/19/2025,3,13.63,EUR,NEW,2026-02-06 22:12:47
304,755,7,01/20/2025,1,83.66,INR,NEW,2026-02-06 22:12:47
305,1666,7,06/18/2025,1,94.58,INR,NEW,2026-02-06 22:12:47
306,1739,7,03/05/2025,6,5.80,USD,NEW,2026-02-06 22:12:47
307,1228,5,06/28/2025,5,28.63,CAD,NEW,2026-02-06 22:12:47
308,1961,10,11/14/2025,8,58.56,INR,NEW,2026-02-06 22:12:47
309,625,1,03/26/2025,8,58.24,INR,NEW,2026-02-06 22:12:47
310,2221,1,01/24/2025,6,50.45,CAD,NEW,2026-02-06 22:12:47
311,686,7,08/11/2025,4,92.43,INR,NEW,2026-02-06 22:12:47
312,448,9,11/28/2025,2,51.40,USD,NEW,2026-02-06 22:12:47
313,2678,3,02/18/2025,3,43.47,CAD,NEW,2026-02-06 22:12:47
314,1223,3,02/04/2025,5,62.80,INR,NEW,2026-02-06 22:12:47
315,1433,8,12/27/2025,4,33.89,INR,NEW,2026-02-06 22:12:47
316,446,5,08/24/2025,9,23.03,USD,NEW,2026-02-06 22:12:47
317,1801,1,06/21/2025,8,77.26,CAD,NEW,2026-02-06 22:12:47
318,2231,8,09/25/2025,7,77.42,EUR,NEW,2026-02-06 22:12:47
319,1326,5,11/10/2025,1,57.68,EUR,NEW,2026-02-06 22:12:47
320,274,1,01/06/2025,9,58.28,INR,NEW,2026-02-06 22:12:47
321,743,1,01/27/2025,4,68.02,CAD,NEW,2026-02-06 22:12:47
322,2346,10,09/12/2025,9,57.97,USD,NEW,2026-02-06 22:12:47
323,1768,10,10/06/2025,7,31.97,CAD,NEW,2026-02-06 22:12:47
324,1406,3,09/30/2025,3,50.34,INR,NEW,2026-02-06 22:12:47
325,2850,3,01/13/2026,5,10.09,CAD,NEW,2026-02-06 22:12:47
326,2291,2,04/02/2025,2,17.27,EUR,NEW,2026-02-06 22:12:47
327,650,2,10/03/2025,3,83.34,USD,NEW,2026-02-06 22:12:47
328,2937,7,02/19/2025,3,94.29,USD,NEW,2026-02-06 22:12:47
329,11,6,12/01/2025,3,66.09,EUR,NEW,2026-02-06 22:12:47
330,1616,3,05/22/2025,3,39.40,USD,NEW,2026-02-06 22:12:47
331,308,7,05/20/2025,3,76.88,USD,NEW,2026-02-06 22:12:47
332,2237,6,08/29/2025,8,94.18,CAD,NEW,2026-02-06 22:12:47
333,2753,7,01/01/2026,4,84.39,USD,NEW,2026-02-06 22:12:47
334,725,4,09/15/2025,1,16.04,EUR,NEW,2026-02-06 22:12:47
335,2328,7,10/06/2025,8,39.92,CAD,NEW,2026-02-06 22:12:47
336,915,2,10/26/2025,3,91.46,INR,NEW,2026-02-06 22:12:47
337,378,7,03/21/2025,3,35.24,INR,NEW,2026-02-06 22:12:47
338,1495,4,10/27/2025,6,41.59,EUR,NEW,2026-02-06 22:12:47
339,284,4,03/07/2025,4,85.51,INR,NEW,2026-02-06 22:12:47
340,676,8,05/23/2025,4,28.12,INR,NEW,2026-02-06 22:12:47
341,479,10,01/02/2026,1,67.88,CAD,NEW,2026-02-06 22:12:47
342,521,5,01/11/2026,6,86.35,USD,NEW,2026-02-06 22:12:47
343,733,3,03/21/2025,8,22.44,CAD,NEW,2026-02-06 22:12:47
344,2204,4,12/20/2025,3,73.92,EUR,NEW,2026-02-06 22:12:47
345,692,6,03/11/2025,2,84.70,INR,NEW,2026-02-06 22:12:47
346,373,8,12/09/2025,1,5.23,INR,NEW,2026-02-06 22:12:47
347,2634,9,01/30/2025,2,6.10,CAD,NEW,2026-02-06 22:12:47
348,2584,10,12/14/2025,8,55.91,EUR,NEW,2026-02-06 22:12:47
349,778,8,12/30/2025,5,25.92,USD,NEW,2026-02-06 22:12:47
350,645,1,01/10/2025,2,88.67,INR,NEW,2026-02-06 22:12:47
351,1399,3,10/01/2025,2,72.70,USD,NEW,2026-02-06 22:12:47
352,2323,6,02/07/2025,2,57.82,EUR,NEW,2026-02-06 22:12:47
353,2644,10,04/07/2025,9,38.21,EUR,NEW,2026-02-06 22:12:47
354,11,1,03/23/2025,3,99.84,EUR,NEW,2026-02-06 22:12:47
355,261,4,01/09/2026,2,82.35,EUR,NEW,2026-02-06 22:12:47
356,2452,8,12/15/2025,3,22.87,INR,NEW,2026-02-06 22:12:47
357,2083,2,07/23/2025,7,64.09,USD,NEW,2026-02-06 22:12:47
358,1592,2,11/11/2025,10,1.09,CAD,NEW,2026-02-06 22:12:47
359,2696,3,11/21/2025,5,86.41,USD,NEW,2026-02-06 22:12:47
360,114,9,06/23/2025,2,61.87,EUR,NEW,2026-02-06 22:12:47
361,2224,2,05/11/2025,5,45.51,CAD,NEW,2026-02-06 22:12:47
362,1720,5,03/29/2025,6,77.21,CAD,NEW,2026-02-06 22:12:47
363,1276,5,05/07/2025,8,3.09,INR,NEW,2026-02-06 22:12:47
364,1096,3,03/12/2025,3,37.92,USD,NEW,2026-02-06 22:12:47
365,1214,8,10/30/2025,4,10.35,EUR,NEW,2026-02-06 22:12:47
366,1054,6,06/25/2025,4,59.84,EUR,NEW,2026-02-06 22:12:47
367,2648,3,12/26/2025,4,98.36,CAD,NEW,2026-02-06 22:12:47
368,2177,6,07/26/2025,7,10.72,USD,NEW,2026-02-06 22:12:47
369,810,9,04/18/2025,2,90.04,CAD,NEW,2026-02-06 22:12:47
370,1710,3,09/18/2025,2,79.20,USD,NEW,2026-02-06 22:12:47
371,2830,5,03/11/2025,6,53.94,INR,NEW,2026-02-06 22:12:47
372,975,9,08/30/2025,8,4.35,CAD,NEW,2026-02-06 22:12:47
373,2063,2,07/14/2025,2,0.86,INR,NEW,2026-02-06 22:12:47
374,1843,1,07/13/2025,8,56.85,USD,NEW,2026-02-06 22:12:47
375,809,10,12/19/2025,2,57.87,USD,NEW,2026-02-06 22:12:47
376,1150,6,02/16/2025,3,50.68,USD,NEW,2026-02-06 22:12:47
377,2410,9,06/14/2025,9,32.66,CAD,NEW,2026-02-06 22:12:47
378,994,10,04/21/2025,6,15.15,CAD,NEW,2026-02-06 22:12:47
379,2637,8,10/31/2025,5,93.76,EUR,NEW,2026-02-06 22:12:47
380,1196,8,05/02/2025,1,78.42,EUR,NEW,2026-02-06 22:12:47
381,2876,10,01/12/2026,8,90.39,INR,NEW,2026-02-06 22:12:47
382,2371,9,03/21/2025,1,71.07,INR,NEW,2026-02-06 22:12:47
383,2132,9,10/17/2025,5,55.82,EUR,NEW,2026-02-06 22:12:47
384,703,3,09/23/2025,4,7.58,INR,NEW,2026-02-06 22:12:47
385,1671,5,08/18/2025,3,11.42,INR,NEW,2026-02-06 22:12:47
386,1505,2,03/21/2025,4,37.95,INR,NEW,2026-02-06 22:12:47
387,2847,2,10/13/2025,10,20.79,CAD,NEW,2026-02-06 22:12:47
388,1161,6,07/16/2025,3,97.87,USD,NEW,2026-02-06 22:12:47
389,2439,1,01/08/2025,8,43.58,INR,NEW,2026-02-06 22:12:47
390,1601,4,08/31/2025,1,63.25,CAD,NEW,2026-02-06 22:12:47
391,2966,9,08/23/2025,7,82.71,EUR,NEW,2026-02-06 22:12:47
392,2430,3,04/17/2025,4,79.42,EUR,NEW,2026-02-06 22:12:47
393,2644,4,03/01/2025,9,25.08,INR,NEW,2026-02-06 22:12:47
394,1515,10,10/10/2025,2,28.82,USD,NEW,2026-02-06 22:12:47
395,1187,6,12/24/2025,3,16.22,EUR,NEW,2026-02-06 22:12:47
396,2007,1,11/05/2025,4,76.94,CAD,NEW,2026-02-06 22:12:47
397,2202,7,08/24/2025,9,82.05,EUR,NEW,2026-02-06 22:12:47
398,1735,9,11/14/2025,5,39.32,INR,NEW,2026-02-06 22:12:47
399,1093,10,10/17/2025,8,94.47,USD,NEW,2026-02-06 22:12:47
400,1615,10,06/16/2025,4,55.52,INR,NEW,2026-02-06 22:12:47
401,2977,2,11/08/2025,6,67.03,EUR,NEW,2026-02-06 22:12:47
402,1443,10,03/13/2025,7,43.82,EUR,NEW,2026-02-06 22:12:47
403,2092,5,09/15/2025,4,59.97,EUR,NEW,2026-02-06 22:12:47
404,934,6,10/24/2025,3,94.54,EUR,NEW,2026-02-06 22:12:47
405,344,6,01/24/2025,1,79.40,INR,NEW,2026-02-06 22:12:47
406,108,1,01/26/2025,7,22.81,CAD,NEW,2026-02-06 22:12:47
407,2868,2,07/18/2025,9,11.79,CAD,NEW,2026-02-06 22:12:47
408,1861,2,02/19/2025,1,24.45,INR,NEW,2026-02-06 22:12:47
409,895,9,03/03/2025,3,65.49,INR,NEW,2026-02-06 22:12:47
410,176,2,04/06/2025,9,25.08,CAD,NEW,2026-02-06 22:12:47
411,160,6,11/16/2025,9,58.08,EUR,NEW,2026-02-06 22:12:47
412,729,4,11/17/2025,2,33.08,EUR,NEW,2026-02-06 22:12:47
413,2179,7,09/15/2025,7,46.86,CAD,NEW,2026-02-06 22:12:47
414,1081,1,08/08/2025,2,33.70,EUR,NEW,2026-02-06 22:12:47
415,458,7,11/18/2025,5,71.51,CAD,NEW,2026-02-06 22:12:47
416,2424,6,11/02/2025,1,93.63,INR,NEW,2026-02-06 22:12:47
417,624,5,01/31/2025,9,97.48,USD,NEW,2026-02-06 22:12:47
418,854,10,04/11/2025,4,49.03,USD,NEW,2026-02-06 22:12:47
419,65,4,07/20/2025,6,14.36,CAD,NEW,2026-02-06 22:12:47
420,1774,5,02/04/2025,2,52.95,USD,NEW,2026-02-06 22:12:47
421,2218,6,01/05/2025,4,46.99,CAD,NEW,2026-02-06 22:12:47
422,2327,2,02/10/2025,5,14.21,INR,NEW,2026-02-06 22:12:47
423,737,6,03/20/2025,1,16.03,EUR,NEW,2026-02-06 22:12:47
424,2247,3,09/18/2025,3,94.53,INR,NEW,2026-02-06 22:12:47
425,908,2,07/26/2025,2,26.55,INR,NEW,2026-02-06 22:12:47
426,447,9,05/09/2025,5,96.80,INR,NEW,2026-02-06 22:12:47
427,915,2,10/25/2025,4,92.53,INR,NEW,2026-02-06 22:12:47
428,190,1,03/15/2025,8,38.11,EUR,NEW,2026-02-06 22:12:47
429,276,5,08/07/2025,9,35.63,INR,NEW,2026-02-06 22:12:47
430,1584,8,10/17/2025,9,46.17,CAD,NEW,2026-02-06 22:12:47
431,1744,2,08/24/2025,4,1.30,USD,NEW,2026-02-06 22:12:47
432,398,7,09/04/2025,5,26.36,CAD,NEW,2026-02-06 22:12:47
433,1831,3,02/12/2025,10,30.90,INR,NEW,2026-02-06 22:12:47
434,2942,7,03/21/2025,7,13.10,CAD,NEW,2026-02-06 22:12:47
435,2227,1,06/09/2025,10,55.30,CAD,NEW,2026-02-06 22:12:47
436,461,2,01/08/2025,7,99.77,USD,NEW,2026-02-06 22:12:47
437,320,7,02/28/2025,3,11.49,CAD,NEW,2026-02-06 22:12:47
438,2390,9,10/20/2025,9,78.60,INR,NEW,2026-02-06 22:12:47
439,2902,10,01/02/2025,8,34.74,USD,NEW,2026-02-06 22:12:47
440,1704,3,11/27/2025,4,22.69,INR,NEW,2026-02-06 22:12:47
441,64,3,11/17/2025,5,93.12,EUR,NEW,2026-02-06 22:12:47
442,1566,2,11/07/2025,10,50.96,INR,NEW,2026-02-06 22:12:47
443,1899,9,12/13/2025,6,11.34,EUR,NEW,2026-02-06 22:12:47
444,114,5,07/21/2025,6,20.44,CAD,NEW,2026-02-06 22:12:47
445,506,10,11/11/2025,5,61.18,INR,NEW,2026-02-06 22:12:47
446,1907,10,09/06/2025,2,50.98,CAD,NEW,2026-02-06 22:12:47
447,2473,1,07/06/2025,3,75.37,EUR,NEW,2026-02-06 22:12:47
448,2525,6,06/04/2025,5,15.29,USD,NEW,2026-02-06 22:12:47
449,503,7,03/19/2025,4,20.99,CAD,NEW,2026-02-06 22:12:47
450,1138,3,06/20/2025,6,22.29,EUR,NEW,2026-02-06 22:12:47
451,2097,7,05/02/2025,7,38.08,CAD,NEW,2026-02-06 22:12:47
452,2485,7,10/25/2025,8,9.96,EUR,NEW,2026-02-06 22:12:47
453,125,10,09/06/2025,8,95.20,CAD,NEW,2026-02-06 22:12:47
454,217,5,12/18/2025,6,39.18,CAD,NEW,2026-02-06 22:12:47
455,757,4,07/20/2025,1,52.84,CAD,NEW,2026-02-06 22:12:47
456,119,8,03/13/2025,2,43.47,USD,NEW,2026-02-06 22:12:47
457,1666,6,02/19/2025,8,54.52,INR,NEW,2026-02-06 22:12:47
458,2813,1,04/21/2025,1,88.97,EUR,NEW,2026-02-06 22:12:47
459,2107,1,01/19/2025,3,63.44,CAD,NEW,2026-02-06 22:12:47
460,2397,5,10/18/2025,5,48.13,INR,NEW,2026-02-06 22:12:47
461,796,1,07/10/2025,5,0.23,EUR,NEW,2026-02-06 22:12:47
462,1578,5,12/02/2025,6,86.53,CAD,NEW,2026-02-06 22:12:47
463,1086,3,03/20/2025,3,32.39,EUR,NEW,2026-02-06 22:12:47
464,1482,4,11/10/2025,1,49.95,CAD,NEW,2026-02-06 22:12:47
465,2132,3,10/16/2025,2,66.08,INR,NEW,2026-02-06 22:12:47
466,2297,5,03/03/2025,3,16.53,EUR,NEW,2026-02-06 22:12:47
467,1840,5,04/11/2025,9,8.45,EUR,NEW,2026-02-06 22:12:47
468,337,1,10/04/2025,1,15.21,CAD,NEW,2026-02-06 22:12:47
469,428,8,10/11/2025,10,10.68,CAD,NEW,2026-02-06 22:12:47
470,1021,1,11/04/2025,1,91.41,USD,NEW,2026-02-06 22:12:47
471,1648,10,12/08/2025,4,82.89,USD,NEW,2026-02-06 22:12:47
472,2532,3,12/04/2025,7,27.03,USD,NEW,2026-02-06 22:12:47
473,2380,7,01/11/2025,4,45.83,EUR,NEW,2026-02-06 22:12:47
474,1390,9,10/03/2025,10,8.69,INR,NEW,2026-02-06 22:12:47
475,475,5,08/01/2025,6,63.98,CAD,NEW,2026-02-06 22:12:47
476,1422,4,01/15/2025,7,70.64,USD,NEW,2026-02-06 22:12:47
477,914,3,08/24/2025,10,84.54,INR,NEW,2026-02-06 22:12:47
478,1790,10,07/09/2025,8,1.11,EUR,NEW,2026-02-06 22:12:47
479,547,3,05/26/2025,4,84.76,INR,NEW,2026-02-06 22:12:47
480,730,10,03/24/2025,4,3.83,USD,NEW,2026-02-06 22:12:47
481,1037,7,12/10/2025,8,62.97,USD,NEW,2026-02-06 22:12:47
482,777,6,09/10/2025,8,3.19,CAD,NEW,2026-02-06 22:12:47
483,1128,7,01/02/2026,3,33.90,INR,NEW,2026-02-06 22:12:47
484,1843,1,01/01/2026,10,79.18,EUR,NEW,2026-02-06 22:12:47
485,1993,10,01/12/2025,4,21.68,EUR,NEW,2026-02-06 22:12:47
486,375,10,02/03/2025,1,36.89,INR,NEW,2026-02-06 22:12:47
487,35,4,07/29/2025,9,28.64,INR,NEW,2026-02-06 22:12:47
488,847,10,04/11/2025,10,6.52,EUR,NEW,2026-02-06 22:12:47
489,2457,9,07/05/2025,2,67.58,EUR,NEW,2026-02-06 22:12:47
490,2372,9,08/29/2025,4,71.28,INR,NEW,2026-02-06 22:12:47
491,2308,9,12/14/2025,3,47.26,EUR,NEW,2026-02-06 22:12:47
492,2547,5,07/20/2025,6,6.34,INR,NEW,2026-02-06 22:12:47
493,1045,2,12/30/2025,6,45.70,INR,NEW,2026-02-06 22:12:47
494,1994,6,10/15/2025,9,11.54,INR,NEW,2026-02-06 22:12:47
495,1106,5,12/14/2025,8,71.59,EUR,NEW,2026-02-06 22:12:47
496,1688,8,07/01/2025,9,97.54,CAD,NEW,2026-02-06 22:12:47
497,1535,7,12/12/2025,7,89.83,USD,NEW,2026-02-06 22:12:47
498,648,7,03/17/2025,5,41.49,CAD,NEW,2026-02-06 22:12:47
499,773,8,11/26/2025,4,98.24,USD,NEW,2026-02-06 22:12:47
500,855,4,02/16/2025,3,99.63,INR,NEW,2026-02-06 22:12:47
501,2815,4,05/16/2025,5,32.11,CAD,NEW,2026-02-06 22:12:47
502,2430,7,03/01/2025,1,44.77,CAD,NEW,2026-02-06 22:12:47
503,2430,7,02/13/2025,8,61.32,INR,NEW,2026-02-06 22:12:47
504,2058,9,10/05/2025,4,56.74,CAD,NEW,2026-02-06 22:12:47
505,920,6,02/17/2025,6,60.97,INR,NEW,2026-02-06 22:12:47
506,1208,2,11/03/2025,5,64.18,EUR,NEW,2026-02-06 22:12:47
507,2760,1,10/20/2025,1,78.08,EUR,NEW,2026-02-06 22:12:47
508,2773,2,12/13/2025,1,53.30,INR,NEW,2026-02-06 22:12:47
509,1279,1,05/26/2025,7,77.94,EUR,NEW,2026-02-06 22:12:47
510,2103,2,10/06/2025,6,78.25,EUR,NEW,2026-02-06 22:12:47
511,1299,9,12/31/2025,7,17.80,CAD,NEW,2026-02-06 22:12:47
512,1285,6,12/13/2025,6,74.22,EUR,NEW,2026-02-06 22:12:47
513,1623,8,04/14/2025,2,70.66,INR,NEW,2026-02-06 22:12:47
514,378,3,03/19/2025,8,68.23,INR,NEW,2026-02-06 22:12:47
515,334,8,12/16/2025,2,72.61,USD,NEW,2026-02-06 22:12:47
516,622,7,04/02/2025,4,29.55,CAD,NEW,2026-02-06 22:12:47
517,996,3,01/05/2025,9,17.65,CAD,NEW,2026-02-06 22:12:47
518,1692,4,07/05/2025,8,13.03,INR,NEW,2026-02-06 22:12:47
519,79,7,05/17/2025,2,15.26,INR,NEW,2026-02-06 22:12:47
520,2102,9,12/12/2025,2,23.42,CAD,NEW,2026-02-06 22:12:47
521,1173,10,04/29/2025,2,65.51,CAD,NEW,2026-02-06 22:12:47
522,1007,4,01/28/2025,10,3.45,INR,NEW,2026-02-06 22:12:47
523,2791,5,11/09/2025,8,78.94,INR,NEW,2026-02-06 22:12:47
524,1393,7,10/29/2025,8,73.57,EUR,NEW,2026-02-06 22:12:47
525,1814,3,01/20/2025,9,8.74,USD,NEW,2026-02-06 22:12:47
526,702,2,12/09/2025,3,39.48,USD,NEW,2026-02-06 22:12:47
527,1182,10,11/25/2025,4,68.66,INR,NEW,2026-02-06 22:12:47
528,1138,9,03/30/2025,6,93.17,USD,NEW,2026-02-06 22:12:47
529,2704,4,06/02/2025,9,39.47,EUR,NEW,2026-02-06 22:12:47
530,2611,6,04/01/2025,5,14.28,EUR,NEW,2026-02-06 22:12:47
531,1289,9,01/17/2025,8,68.45,USD,NEW,2026-02-06 22:12:47
532,2427,1,08/29/2025,7,56.91,CAD,NEW,2026-02-06 22:12:47
533,2446,9,02/06/2025,5,75.04,EUR,NEW,2026-02-06 22:12:47
534,1262,10,07/16/2025,1,66.32,CAD,NEW,2026-02-06 22:12:47
535,1404,9,07/17/2025,3,47.85,USD,NEW,2026-02-06 22:12:47
536,950,5,10/10/2025,3,78.28,EUR,NEW,2026-02-06 22:12:47
537,2405,9,01/10/2025,10,38.65,EUR,NEW,2026-02-06 22:12:47
538,1513,10,08/03/2025,1,91.73,INR,NEW,2026-02-06 22:12:47
539,2952,4,01/25/2025,6,53.22,CAD,NEW,2026-02-06 22:12:47
540,1763,1,08/14/2025,1,24.90,USD,NEW,2026-02-06 22:12:47
541,1395,5,09/23/2025,3,50.75,USD,NEW,2026-02-06 22:12:47
542,1,9,09/19/2025,9,74.00,INR,NEW,2026-02-06 22:12:47
543,953,2,05/13/2025,6,79.74,USD,NEW,2026-02-06 22:12:47
544,2394,2,10/05/2025,8,29.39,INR,NEW,2026-02-06 22:12:47
545,2653,5,09/21/2025,8,90.13,CAD,NEW,2026-02-06 22:12:47
546,1484,3,06/17/2025,1,8.14,EUR,NEW,2026-02-06 22:12:47
547,2834,7,02/06/2025,3,96.03,INR,NEW,2026-02-06 22:12:47
548,2402,9,09/03/2025,9,92.52,USD,NEW,2026-02-06 22:12:47
549,1526,4,03/03/2025,10,20.53,EUR,NEW,2026-02-06 22:12:47
550,419,10,12/19/2025,10,71.06,INR,NEW,2026-02-06 22:12:47
551,2817,8,01/02/2025,6,88.34,USD,NEW,2026-02-06 22:12:47
552,2480,5,09/22/2025,6,30.84,INR,NEW,2026-02-06 22:12:47
553,833,3,07/01/2025,5,87.14,CAD,NEW,2026-02-06 22:12:47
554,2223,4,01/11/2026,9,76.64,INR,NEW,2026-02-06 22:12:47
555,1153,9,08/23/2025,10,37.02,CAD,NEW,2026-02-06 22:12:47
556,2736,4,05/11/2025,2,55.35,USD,NEW,2026-02-06 22:12:47
557,2537,6,04/17/2025,6,88.73,EUR,NEW,2026-02-06 22:12:47
558,106,6,09/28/2025,8,41.80,EUR,NEW,2026-02-06 22:12:47
559,971,9,09/05/2025,2,96.78,USD,NEW,2026-02-06 22:12:47
560,619,6,08/11/2025,6,94.85,EUR,NEW,2026-02-06 22:12:47
561,2893,6,12/07/2025,3,7.85,CAD,NEW,2026-02-06 22:12:47
562,898,3,02/28/2025,5,69.39,INR,NEW,2026-02-06 22:12:47
563,1745,5,09/26/2025,1,27.83,USD,NEW,2026-02-06 22:12:47
564,1892,9,04/25/2025,1,43.89,USD,NEW,2026-02-06 22:12:47
565,164,3,03/23/2025,5,10.65,EUR,NEW,2026-02-06 22:12:47
566,1306,8,05/23/2025,8,62.56,CAD,NEW,2026-02-06 22:12:47
567,2427,5,09/27/2025,1,3.70,CAD,NEW,2026-02-06 22:12:47
568,190,5,09/24/2025,2,30.02,EUR,NEW,2026-02-06 22:12:47
569,1300,5,07/11/2025,2,40.44,USD,NEW,2026-02-06 22:12:47
570,217,6,11/21/2025,10,3.49,CAD,NEW,2026-02-06 22:12:47
571,1886,6,01/29/2025,7,9.12,USD,NEW,2026-02-06 22:12:47
572,1257,1,12/30/2025,4,54.43,CAD,NEW,2026-02-06 22:12:47
573,1474,6,04/25/2025,7,86.14,EUR,NEW,2026-02-06 22:12:47
574,2417,3,06/02/2025,8,98.37,CAD,NEW,2026-02-06 22:12:47
575,2330,9,10/06/2025,8,65.06,CAD,NEW,2026-02-06 22:12:47
576,1041,4,12/08/2025,7,65.01,INR,NEW,2026-02-06 22:12:47
577,1676,9,09/19/2025,3,79.19,CAD,NEW,2026-02-06 22:12:47
578,2284,7,06/30/2025,8,65.68,CAD,NEW,2026-02-06 22:12:47
579,586,7,04/14/2025,8,95.88,INR,NEW,2026-02-06 22:12:47
580,2477,1,11/09/2025,6,70.67,USD,NEW,2026-02-06 22:12:47
581,24,1,10/30/2025,7,8.96,USD,NEW,2026-02-06 22:12:47
582,300,6,09/08/2025,4,93.26,USD,NEW,2026-02-06 22:12:47
583,2254,5,07/20/2025,10,43.70,EUR,NEW,2026-02-06 22:12:47
584,1149,4,07/25/2025,10,65.43,CAD,NEW,2026-02-06 22:12:47
585,236,3,06/29/2025,5,44.98,EUR,NEW,2026-02-06 22:12:47
586,1347,5,04/01/2025,5,73.96,EUR,NEW,2026-02-06 22:12:47
587,1403,8,01/25/2025,7,74.43,INR,NEW,2026-02-06 22:12:47
588,1691,5,07/16/2025,2,11.92,USD,NEW,2026-02-06 22:12:47
589,2854,2,10/22/2025,10,17.44,EUR,NEW,2026-02-06 22:12:47
590,550,3,12/25/2025,5,20.44,INR,NEW,2026-02-06 22:12:47
591,2260,7,01/29/2025,10,20.49,INR,NEW,2026-02-06 22:12:47
592,1745,3,10/28/2025,6,3.83,USD,NEW,2026-02-06 22:12:47
593,1860,1,12/14/2025,9,70.64,CAD,NEW,2026-02-06 22:12:47
594,373,10,09/18/2025,7,55.95,INR,NEW,2026-02-06 22:12:47
595,2250,7,05/19/2025,4,72.60,USD,NEW,2026-02-06 22:12:47
596,2152,2,07/18/2025,7,78.82,USD,NEW,2026-02-06 22:12:47
597,2491,5,12/05/2025,8,22.58,USD,NEW,2026-02-06 22:12:47
598,2963,6,12/16/2025,2,96.33,EUR,NEW,2026-02-06 22:12:47
599,1153,6,09/24/2025,2,61.80,CAD,NEW,2026-02-06 22:12:47
600,2756,5,02/16/2025,2,43.60,INR,NEW,2026-02-06 22:12:47
601,2414,4,07/12/2025,3,54.56,CAD,NEW,2026-02-06 22:12:47
602,2809,6,04/06/2025,7,47.82,CAD,NEW,2026-02-06 22:12:47
603,2671,8,02/26/2025,8,44.73,USD,NEW,2026-02-06 22:12:47
604,2806,2,10/04/2025,5,23.49,INR,NEW,2026-02-06 22:12:47
605,2843,10,01/07/2026,2,68.06,EUR,NEW,2026-02-06 22:12:47
606,1611,10,09/27/2025,7,29.56,CAD,NEW,2026-02-06 22:12:47
607,1295,3,06/24/2025,6,57.13,CAD,NEW,2026-02-06 22:12:47
608,2026,10,10/15/2025,7,52.89,CAD,NEW,2026-02-06 22:12:47
609,661,4,06/06/2025,3,45.44,CAD,NEW,2026-02-06 22:12:47
610,671,3,01/13/2026,3,49.63,EUR,NEW,2026-02-06 22:12:47
611,247,3,11/25/2025,4,47.78,CAD,NEW,2026-02-06 22:12:47
612,21,7,12/05/2025,8,0.74,EUR,NEW,2026-02-06 22:12:47
613,2833,5,01/01/2026,7,74.25,EUR,NEW,2026-02-06 22:12:47
614,1548,2,03/21/2025,10,68.20,EUR,NEW,2026-02-06 22:12:47
615,1492,4,08/06/2025,4,48.12,CAD,NEW,2026-02-06 22:12:47
616,1628,10,11/18/2025,9,45.46,INR,NEW,2026-02-06 22:12:47
617,845,3,01/18/2025,4,87.47,EUR,NEW,2026-02-06 22:12:47
618,1461,1,08/18/2025,9,75.71,INR,NEW,2026-02-06 22:12:47
619,2435,6,10/07/2025,5,78.61,EUR,NEW,2026-02-06 22:12:47
620,264,7,05/27/2025,9,96.88,EUR,NEW,2026-02-06 22:12:47
621,1168,6,03/08/2025,8,0.97,EUR,NEW,2026-02-06 22:12:47
622,843,2,02/28/2025,9,62.23,EUR,NEW,2026-02-06 22:12:47
623,221,6,11/29/2025,7,21.75,CAD,NEW,2026-02-06 22:12:47
624,529,6,04/02/2025,5,99.22,INR,NEW,2026-02-06 22:12:47
625,254,6,01/07/2025,6,59.30,EUR,NEW,2026-02-06 22:12:47
626,2529,7,04/25/2025,7,33.56,USD,NEW,2026-02-06 22:12:47
627,2543,5,07/16/2025,2,58.84,USD,NEW,2026-02-06 22:12:47
628,2185,9,08/25/2025,1,0.72,CAD,NEW,2026-02-06 22:12:47
629,730,9,07/27/2025,2,14.83,EUR,NEW,2026-02-06 22:12:47
630,2919,7,03/13/2025,5,28.41,CAD,NEW,2026-02-06 22:12:47
631,2023,1,11/17/2025,9,60.69,USD,NEW,2026-02-06 22:12:47
632,1150,3,06/24/2025,2,6.78,USD,NEW,2026-02-06 22:12:47
633,372,7,11/21/2025,7,39.45,EUR,NEW,2026-02-06 22:12:47
634,2819,7,12/28/2025,10,67.08,USD,NEW,2026-02-06 22:12:47
635,1443,9,04/02/2025,2,51.60,CAD,NEW,2026-02-06 22:12:47
636,42,3,01/16/2025,6,3.75,EUR,NEW,2026-02-06 22:12:47
637,781,2,02/15/2025,10,99.81,CAD,NEW,2026-02-06 22:12:47
638,1164,9,08/21/2025,9,17.03,USD,NEW,2026-02-06 22:12:47
639,11,10,01/25/2025,2,91.14,INR,NEW,2026-02-06 22:12:47
640,2360,3,04/18/2025,10,26.43,INR,NEW,2026-02-06 22:12:47
641,946,4,09/30/2025,1,2.03,INR,NEW,2026-02-06 22:12:47
642,307,4,07/25/2025,9,66.52,EUR,NEW,2026-02-06 22:12:47
643,844,5,01/04/2025,9,62.30,CAD,NEW,2026-02-06 22:12:47
644,2238,4,01/08/2026,4,63.43,INR,NEW,2026-02-06 22:12:47
645,703,10,10/21/2025,4,36.82,INR,NEW,2026-02-06 22:12:47
646,2301,2,10/20/2025,3,14.38,USD,NEW,2026-02-06 22:12:47
647,1650,1,01/07/2025,6,7.58,USD,NEW,2026-02-06 22:12:47
648,1553,6,05/10/2025,1,98.11,USD,NEW,2026-02-06 22:12:47
649,1638,4,08/26/2025,3,67.26,EUR,NEW,2026-02-06 22:12:47
650,1840,4,07/28/2025,5,91.94,USD,NEW,2026-02-06 22:12:47
651,309,4,01/07/2026,5,76.19,EUR,NEW,2026-02-06 22:12:47
652,2168,7,07/24/2025,9,96.77,INR,NEW,2026-02-06 22:12:47
653,2892,2,04/27/2025,5,14.59,CAD,NEW,2026-02-06 22:12:47
654,2027,4,03/28/2025,4,60.45,EUR,NEW,2026-02-06 22:12:47
655,608,10,05/26/2025,2,83.66,EUR,NEW,2026-02-06 22:12:47
656,314,5,10/16/2025,3,76.77,EUR,NEW,2026-02-06 22:12:47
657,1971,3,05/23/2025,8,42.37,USD,NEW,2026-02-06 22:12:47
658,628,8,12/06/2025,1,78.17,EUR,NEW,2026-02-06 22:12:47
659,749,4,03/05/2025,10,83.29,CAD,NEW,2026-02-06 22:12:47
660,2314,4,02/15/2025,4,67.96,INR,NEW,2026-02-06 22:12:47
661,2762,8,09/01/2025,6,89.64,EUR,NEW,2026-02-06 22:12:47
662,1718,3,03/30/2025,1,30.57,CAD,NEW,2026-02-06 22:12:47
663,2545,6,09/02/2025,9,40.16,INR,NEW,2026-02-06 22:12:47
664,386,5,07/20/2025,4,8.90,INR,NEW,2026-02-06 22:12:47
665,1159,6,05/31/2025,6,62.04,INR,NEW,2026-02-06 22:12:47
666,645,6,02/22/2025,9,79.86,EUR,NEW,2026-02-06 22:12:47
667,111,9,01/05/2026,9,46.99,EUR,NEW,2026-02-06 22:12:47
668,2605,8,09/25/2025,7,90.15,USD,NEW,2026-02-06 22:12:47
669,1936,10,06/26/2025,8,18.70,EUR,NEW,2026-02-06 22:12:47
670,1938,6,05/20/2025,5,33.24,INR,NEW,2026-02-06 22:12:47
671,1783,5,01/07/2026,1,68.16,USD,NEW,2026-02-06 22:12:47
672,2552,2,02/05/2025,8,54.32,CAD,NEW,2026-02-06 22:12:47
673,633,8,06/28/2025,1,5.45,USD,NEW,2026-02-06 22:12:47
674,892,3,12/19/2025,4,55.64,INR,NEW,2026-02-06 22:12:47
675,2638,3,06/30/2025,2,97.60,INR,NEW,2026-02-06 22:12:47
676,75,3,02/06/2025,6,80.30,INR,NEW,2026-02-06 22:12:47
677,1736,9,09/04/2025,1,93.28,EUR,NEW,2026-02-06 22:12:47
678,2645,5,07/09/2025,8,59.08,INR,NEW,2026-02-06 22:12:47
679,1928,9,01/28/2025,2,12.41,USD,NEW,2026-02-06 22:12:47
680,2337,6,03/26/2025,4,99.77,CAD,NEW,2026-02-06 22:12:47
681,918,2,08/23/2025,1,94.37,CAD,NEW,2026-02-06 22:12:47
682,205,6,03/04/2025,4,89.14,CAD,NEW,2026-02-06 22:12:47
683,545,4,05/23/2025,4,97.53,CAD,NEW,2026-02-06 22:12:47
684,488,5,03/04/2025,9,8.00,INR,NEW,2026-02-06 22:12:47
685,2726,4,07/08/2025,9,94.42,USD,NEW,2026-02-06 22:12:47
686,1389,8,12/15/2025,7,88.94,INR,NEW,2026-02-06 22:12:47
687,1366,2,04/30/2025,5,91.58,EUR,NEW,2026-02-06 22:12:47
688,2448,7,09/05/2025,6,74.02,USD,NEW,2026-02-06 22:12:47
689,1999,4,01/06/2026,3,89.03,EUR,NEW,2026-02-06 22:12:47
690,1266,10,12/12/2025,5,26.66,EUR,NEW,2026-02-06 22:12:47
691,1822,8,05/16/2025,7,48.74,EUR,NEW,2026-02-06 22:12:47
692,2852,9,07/23/2025,10,81.59,USD,NEW,2026-02-06 22:12:47
693,197,6,05/19/2025,6,37.45,USD,NEW,2026-02-06 22:12:47
694,111,7,07/25/2025,1,36.17,EUR,NEW,2026-02-06 22:12:47
695,1073,1,11/19/2025,3,97.01,CAD,NEW,2026-02-06 22:12:47
696,1495,1,07/04/2025,9,62.60,INR,NEW,2026-02-06 22:12:47
697,264,9,06/23/2025,10,96.92,USD,NEW,2026-02-06 22:12:47
698,2221,5,05/13/2025,10,61.42,EUR,NEW,2026-02-06 22:12:47
699,655,5,01/29/2025,4,83.46,EUR,NEW,2026-02-06 22:12:47
700,2029,1,04/01/2025,8,17.29,USD,NEW,2026-02-06 22:12:47
701,2266,4,08/23/2025,7,52.83,USD,NEW,2026-02-06 22:12:47
702,594,4,02/26/2025,4,46.51,INR,NEW,2026-02-06 22:12:47
703,1433,3,10/23/2025,5,17.34,INR,NEW,2026-02-06 22:12:47
704,1306,10,02/21/2025,2,89.16,INR,NEW,2026-02-06 22:12:47
705,1998,9,12/21/2025,5,75.22,CAD,NEW,2026-02-06 22:12:47
706,908,10,12/12/2025,7,33.65,EUR,NEW,2026-02-06 22:12:47
707,1560,5,05/04/2025,6,41.25,CAD,NEW,2026-02-06 22:12:47
708,49,8,04/26/2025,10,27.60,CAD,NEW,2026-02-06 22:12:47
709,303,7,04/25/2025,4,31.48,INR,NEW,2026-02-06 22:12:47
710,1823,4,12/29/2025,3,11.03,EUR,NEW,2026-02-06 22:12:47
711,2939,4,02/09/2025,4,82.79,INR,NEW,2026-02-06 22:12:47
712,2189,7,11/24/2025,3,43.75,EUR,NEW,2026-02-06 22:12:47
713,2279,2,07/11/2025,5,4.41,EUR,NEW,2026-02-06 22:12:47
714,265,6,12/19/2025,8,58.66,CAD,NEW,2026-02-06 22:12:47
715,1185,7,08/08/2025,2,44.74,INR,NEW,2026-02-06 22:12:47
716,2789,1,01/25/2025,2,86.45,INR,NEW,2026-02-06 22:12:47
717,714,5,04/06/2025,4,68.77,USD,NEW,2026-02-06 22:12:47
718,2707,5,01/13/2025,6,24.46,EUR,NEW,2026-02-06 22:12:47
719,1773,2,05/28/2025,4,68.37,INR,NEW,2026-02-06 22:12:47
720,496,1,09/16/2025,1,43.96,USD,NEW,2026-02-06 22:12:47
721,2785,10,07/25/2025,8,89.92,EUR,NEW,2026-02-06 22:12:47
722,2757,3,06/26/2025,8,90.31,EUR,NEW,2026-02-06 22:12:47
723,1290,4,01/15/2025,9,16.67,CAD,NEW,2026-02-06 22:12:47
724,1662,6,07/02/2025,7,58.83,CAD,NEW,2026-02-06 22:12:47
725,2664,8,11/06/2025,3,35.79,INR,NEW,2026-02-06 22:12:47
726,2155,4,03/29/2025,1,3.10,EUR,NEW,2026-02-06 22:12:47
727,831,4,10/18/2025,10,9.82,EUR,NEW,2026-02-06 22:12:47
728,1543,10,03/27/2025,7,13.86,EUR,NEW,2026-02-06 22:12:47
729,1784,1,04/24/2025,6,87.97,INR,NEW,2026-02-06 22:12:47
730,1608,6,09/10/2025,4,28.86,INR,NEW,2026-02-06 22:12:47
731,1049,10,08/11/2025,2,55.31,EUR,NEW,2026-02-06 22:12:47
732,57,6,03/30/2025,6,87.96,CAD,NEW,2026-02-06 22:12:47
733,185,8,03/05/2025,8,95.14,USD,NEW,2026-02-06 22:12:47
734,815,10,11/23/2025,5,40.42,USD,NEW,2026-02-06 22:12:47
735,231,5,12/08/2025,1,13.38,INR,NEW,2026-02-06 22:12:47
736,1666,5,12/10/2025,7,95.05,EUR,NEW,2026-02-06 22:12:47
737,2007,8,02/02/2025,1,58.62,USD,NEW,2026-02-06 22:12:47
738,1047,7,11/24/2025,6,69.77,USD,NEW,2026-02-06 22:12:47
739,2485,4,11/02/2025,4,93.98,EUR,NEW,2026-02-06 22:12:47
740,2746,3,03/20/2025,5,58.15,EUR,NEW,2026-02-06 22:12:47
741,1908,10,12/25/2025,3,89.04,INR,NEW,2026-02-06 22:12:47
742,1301,8,11/25/2025,2,43.56,INR,NEW,2026-02-06 22:12:47
743,942,3,04/14/2025,7,19.31,INR,NEW,2026-02-06 22:12:47
744,1451,4,08/08/2025,9,5.71,EUR,NEW,2026-02-06 22:12:47
745,2716,7,11/06/2025,10,19.51,CAD,NEW,2026-02-06 22:12:47
746,2661,3,09/10/2025,9,62.91,EUR,NEW,2026-02-06 22:12:47
747,2024,8,09/02/2025,7,39.81,EUR,NEW,2026-02-06 22:12:47
748,585,6,05/19/2025,1,16.43,CAD,NEW,2026-02-06 22:12:47
749,1069,8,06/24/2025,10,83.53,EUR,NEW,2026-02-06 22:12:47
750,2695,7,06/15/2025,3,10.50,INR,NEW,2026-02-06 22:12:47
751,860,6,01/10/2025,8,86.08,CAD,NEW,2026-02-06 22:12:47
752,2410,9,01/20/2025,1,94.06,INR,NEW,2026-02-06 22:12:47
753,1467,5,08/07/2025,2,96.42,INR,NEW,2026-02-06 22:12:47
754,2926,8,01/12/2025,2,74.74,CAD,NEW,2026-02-06 22:12:47
755,2391,1,07/24/2025,8,17.11,EUR,NEW,2026-02-06 22:12:47
756,484,8,10/14/2025,4,24.15,USD,NEW,2026-02-06 22:12:47
757,2336,5,04/21/2025,10,46.94,EUR,NEW,2026-02-06 22:12:47
758,893,9,01/18/2025,8,73.68,EUR,NEW,2026-02-06 22:12:47
759,1414,4,01/01/2025,10,29.46,INR,NEW,2026-02-06 22:12:47
760,274,7,09/19/2025,3,99.70,USD,NEW,2026-02-06 22:12:47
761,2518,1,09/16/2025,6,8.81,INR,NEW,2026-02-06 22:12:47
762,2398,6,12/07/2025,7,79.42,USD,NEW,2026-02-06 22:12:47
763,1503,8,01/10/2026,1,10.83,EUR,NEW,2026-02-06 22:12:47
764,2808,8,01/06/2025,8,15.44,CAD,NEW,2026-02-06 22:12:47
765,1393,3,05/21/2025,1,88.10,EUR,NEW,2026-02-06 22:12:47
766,2508,6,03/04/2025,9,23.88,USD,NEW,2026-02-06 22:12:47
767,1154,8,02/03/2025,6,48.33,USD,NEW,2026-02-06 22:12:47
768,2932,5,05/09/2025,3,21.82,INR,NEW,2026-02-06 22:12:47
769,2046,9,01/13/2026,5,75.59,CAD,NEW,2026-02-06 22:12:47
770,1450,1,05/14/2025,9,80.01,USD,NEW,2026-02-06 22:12:47
771,1515,7,03/24/2025,4,70.78,INR,NEW,2026-02-06 22:12:47
772,554,9,03/08/2025,3,1.45,INR,NEW,2026-02-06 22:12:47
773,472,3,07/12/2025,3,26.49,EUR,NEW,2026-02-06 22:12:47
774,1968,10,04/15/2025,3,26.28,CAD,NEW,2026-02-06 22:12:47
775,2188,3,06/26/2025,3,26.43,USD,NEW,2026-02-06 22:12:47
776,1647,2,07/18/2025,1,84.03,USD,NEW,2026-02-06 22:12:47
777,1971,5,07/16/2025,6,38.20,CAD,NEW,2026-02-06 22:12:47
778,1963,10,11/13/2025,4,72.39,CAD,NEW,2026-02-06 22:12:47
779,2263,6,01/06/2025,4,51.86,CAD,NEW,2026-02-06 22:12:47
780,591,6,09/01/2025,7,47.21,CAD,NEW,2026-02-06 22:12:47
781,2095,2,01/11/2026,6,80.63,EUR,NEW,2026-02-06 22:12:47
782,1754,2,07/01/2025,9,73.29,CAD,NEW,2026-02-06 22:12:47
783,2733,4,06/10/2025,7,15.18,CAD,NEW,2026-02-06 22:12:47
784,2409,6,04/01/2025,8,73.03,EUR,NEW,2026-02-06 22:12:47
785,638,1,11/08/2025,4,65.56,INR,NEW,2026-02-06 22:12:47
786,2633,4,04/16/2025,7,62.70,INR,NEW,2026-02-06 22:12:47
787,2145,2,03/16/2025,2,85.81,EUR,NEW,2026-02-06 22:12:47
788,2696,7,05/27/2025,7,13.42,CAD,NEW,2026-02-06 22:12:47
789,1270,4,11/13/2025,2,14.39,INR,NEW,2026-02-06 22:12:47
790,2263,9,11/26/2025,3,98.54,EUR,NEW,2026-02-06 22:12:47
791,2842,9,03/23/2025,1,25.88,EUR,NEW,2026-02-06 22:12:47
792,2269,5,12/19/2025,5,11.67,INR,NEW,2026-02-06 22:12:47
793,2831,4,05/12/2025,1,57.24,INR,NEW,2026-02-06 22:12:47
794,2557,7,07/12/2025,6,44.92,CAD,NEW,2026-02-06 22:12:47
795,2351,2,07/18/2025,3,67.21,USD,NEW,2026-02-06 22:12:47
796,905,8,08/09/2025,4,69.94,EUR,NEW,2026-02-06 22:12:47
797,1442,9,01/08/2026,1,3.27,USD,NEW,2026-02-06 22:12:47
798,989,6,07/28/2025,6,57.49,USD,NEW,2026-02-06 22:12:47
799,2405,9,09/09/2025,6,22.34,USD,NEW,2026-02-06 22:12:47
800,2992,3,03/27/2025,10,13.47,EUR,NEW,2026-02-06 22:12:47
801,1458,1,08/09/2025,5,87.36,CAD,NEW,2026-02-06 22:12:47
802,735,7,12/03/2025,8,99.46,USD,NEW,2026-02-06 22:12:47
803,1084,8,10/08/2025,7,93.70,INR,NEW,2026-02-06 22:12:47
804,252,7,12/02/2025,9,40.89,INR,NEW,2026-02-06 22:12:47
805,272,3,08/27/2025,10,31.33,CAD,NEW,2026-02-06 22:12:47
806,1794,8,03/10/2025,6,26.05,USD,NEW,2026-02-06 22:12:47
807,1762,1,11/05/2025,7,10.53,INR,NEW,2026-02-06 22:12:47
808,163,9,06/03/2025,3,95.56,EUR,NEW,2026-02-06 22:12:47
809,2904,7,10/09/2025,4,53.63,USD,NEW,2026-02-06 22:12:47
810,589,2,07/15/2025,5,31.88,EUR,NEW,2026-02-06 22:12:47
811,1853,4,02/21/2025,1,5.20,USD,NEW,2026-02-06 22:12:47
812,2983,2,03/20/2025,5,39.23,USD,NEW,2026-02-06 22:12:47
813,2572,10,10/11/2025,7,97.49,CAD,NEW,2026-02-06 22:12:47
814,2068,10,10/14/2025,2,17.90,CAD,NEW,2026-02-06 22:12:47
815,1857,7,05/19/2025,2,53.43,USD,NEW,2026-02-06 22:12:47
816,2955,2,09/15/2025,8,62.68,CAD,NEW,2026-02-06 22:12:47
817,1498,7,03/18/2025,2,97.62,INR,NEW,2026-02-06 22:12:47
818,2434,2,02/16/2025,1,86.20,EUR,NEW,2026-02-06 22:12:47
819,2467,1,02/06/2025,5,35.73,USD,NEW,2026-02-06 22:12:47
820,2843,6,08/01/2025,2,41.98,USD,NEW,2026-02-06 22:12:47
821,1206,1,07/29/2025,8,73.19,CAD,NEW,2026-02-06 22:12:47
822,2041,8,02/07/2025,4,32.14,INR,NEW,2026-02-06 22:12:47
823,564,3,10/20/2025,4,95.36,CAD,NEW,2026-02-06 22:12:47
824,960,4,07/05/2025,10,98.90,EUR,NEW,2026-02-06 22:12:47
825,1247,4,01/13/2026,1,74.80,INR,NEW,2026-02-06 22:12:47
826,725,8,05/10/2025,5,98.77,EUR,NEW,2026-02-06 22:12:47
827,384,7,01/08/2025,8,20.49,EUR,NEW,2026-02-06 22:12:47
828,1156,10,01/12/2026,5,30.52,USD,NEW,2026-02-06 22:12:47
829,2223,5,08/07/2025,7,62.94,INR,NEW,2026-02-06 22:12:47
830,2923,3,02/13/2025,9,92.26,CAD,NEW,2026-02-06 22:12:47
831,316,8,12/21/2025,8,78.40,USD,NEW,2026-02-06 22:12:47
832,881,7,11/05/2025,6,58.09,USD,NEW,2026-02-06 22:12:47
833,1700,9,03/10/2025,9,80.70,EUR,NEW,2026-02-06 22:12:47
834,160,1,07/30/2025,9,7.81,EUR,NEW,2026-02-06 22:12:47
835,1277,2,11/26/2025,2,77.24,CAD,NEW,2026-02-06 22:12:47
836,2054,10,02/02/2025,6,72.36,EUR,NEW,2026-02-06 22:12:47
837,991,7,10/21/2025,1,60.87,USD,NEW,2026-02-06 22:12:47
838,1401,5,09/02/2025,6,10.52,INR,NEW,2026-02-06 22:12:47
839,2691,10,06/28/2025,4,9.74,INR,NEW,2026-02-06 22:12:47
840,1913,6,10/05/2025,3,6.62,INR,NEW,2026-02-06 22:12:47
841,2204,10,09/27/2025,2,99.77,CAD,NEW,2026-02-06 22:12:47
842,1400,4,01/25/2025,2,17.15,USD,NEW,2026-02-06 22:12:47
843,86,4,11/13/2025,2,9.16,USD,NEW,2026-02-06 22:12:47
844,694,3,04/14/2025,9,96.15,INR,NEW,2026-02-06 22:12:47
845,157,4,07/30/2025,3,75.57,CAD,NEW,2026-02-06 22:12:47
846,1569,5,05/30/2025,5,97.31,INR,NEW,2026-02-06 22:12:47
847,2542,7,06/09/2025,10,7.55,INR,NEW,2026-02-06 22:12:47
848,181,4,12/09/2025,9,9.76,CAD,NEW,2026-02-06 22:12:47
849,659,3,06/02/2025,9,68.27,INR,NEW,2026-02-06 22:12:47
850,446,5,10/13/2025,9,8.54,EUR,NEW,2026-02-06 22:12:47
851,1271,6,02/12/2025,3,16.06,USD,NEW,2026-02-06 22:12:47
852,1504,6,01/06/2026,10,53.16,USD,NEW,2026-02-06 22:12:47
853,1044,4,11/30/2025,9,50.50,USD,NEW,2026-02-06 22:12:47
854,287,2,02/26/2025,8,62.07,INR,NEW,2026-02-06 22:12:47
855,691,7,01/05/2025,7,80.11,USD,NEW,2026-02-06 22:12:47
856,406,6,05/28/2025,1,97.50,INR,NEW,2026-02-06 22:12:47
857,2724,3,04/26/2025,3,41.03,USD,NEW,2026-02-06 22:12:47
858,1982,2,09/29/2025,9,2.34,INR,NEW,2026-02-06 22:12:47
859,2179,3,05/10/2025,4,56.53,CAD,NEW,2026-02-06 22:12:47
860,2301,1,11/25/2025,9,29.33,INR,NEW,2026-02-06 22:12:47
861,740,4,08/16/2025,5,13.60,INR,NEW,2026-02-06 22:12:47
862,1277,8,07/02/2025,6,95.25,EUR,NEW,2026-02-06 22:12:47
863,675,7,01/08/2025,1,13.61,INR,NEW,2026-02-06 22:12:47
864,1499,5,12/02/2025,7,32.75,EUR,NEW,2026-02-06 22:12:47
865,1318,7,06/30/2025,10,28.50,CAD,NEW,2026-02-06 22:12:47
866,961,1,11/18/2025,6,28.12,USD,NEW,2026-02-06 22:12:47
867,2015,3,05/05/2025,9,0.30,CAD,NEW,2026-02-06 22:12:47
868,1484,8,04/01/2025,1,89.51,USD,NEW,2026-02-06 22:12:47
869,1299,1,02/27/2025,8,76.65,USD,NEW,2026-02-06 22:12:47
870,2007,2,05/16/2025,4,85.12,EUR,NEW,2026-02-06 22:12:47
871,211,9,11/28/2025,2,67.81,EUR,NEW,2026-02-06 22:12:47
872,822,4,04/05/2025,6,86.44,USD,NEW,2026-02-06 22:12:47
873,2762,3,11/04/2025,10,25.33,EUR,NEW,2026-02-06 22:12:47
874,2873,7,12/15/2025,5,15.55,USD,NEW,2026-02-06 22:12:47
875,2719,6,11/29/2025,2,54.67,INR,NEW,2026-02-06 22:12:47
876,1303,2,04/07/2025,7,45.32,EUR,NEW,2026-02-06 22:12:47
877,586,9,06/14/2025,4,74.74,INR,NEW,2026-02-06 22:12:47
878,2712,4,01/01/2025,6,83.51,CAD,NEW,2026-02-06 22:12:47
879,2789,7,10/16/2025,8,68.56,EUR,NEW,2026-02-06 22:12:47
880,822,1,01/08/2025,2,57.69,USD,NEW,2026-02-06 22:12:47
881,1388,5,12/25/2025,5,6.97,INR,NEW,2026-02-06 22:12:47
882,712,9,09/20/2025,5,8.41,INR,NEW,2026-02-06 22:12:47
883,196,2,05/18/2025,1,59.57,INR,NEW,2026-02-06 22:12:47
884,1568,7,05/11/2025,9,80.21,USD,NEW,2026-02-06 22:12:47
885,2293,3,08/30/2025,6,84.87,EUR,NEW,2026-02-06 22:12:47
886,2828,5,12/19/2025,4,49.80,INR,NEW,2026-02-06 22:12:47
887,2503,3,10/04/2025,7,94.10,EUR,NEW,2026-02-06 22:12:47
888,495,3,03/26/2025,4,69.02,CAD,NEW,2026-02-06 22:12:47
889,2876,5,10/22/2025,2,53.56,USD,NEW,2026-02-06 22:12:47
890,2801,9,04/13/2025,6,67.26,EUR,NEW,2026-02-06 22:12:47
891,2271,6,10/01/2025,7,67.39,EUR,NEW,2026-02-06 22:12:47
892,2984,7,09/15/2025,4,74.67,EUR,NEW,2026-02-06 22:12:47
893,1822,6,08/21/2025,8,68.36,EUR,NEW,2026-02-06 22:12:47
894,475,5,06/22/2025,10,82.56,INR,NEW,2026-02-06 22:12:47
895,2913,7,01/20/2025,1,8.38,USD,NEW,2026-02-06 22:12:47
896,1660,1,12/04/2025,1,55.20,USD,NEW,2026-02-06 22:12:47
897,776,10,09/29/2025,1,2.51,CAD,NEW,2026-02-06 22:12:47
898,1412,7,03/16/2025,2,34.67,INR,NEW,2026-02-06 22:12:47
899,1772,5,02/11/2025,4,4.42,USD,NEW,2026-02-06 22:12:47
900,2442,10,08/01/2025,1,80.36,CAD,NEW,2026-02-06 22:12:47
901,2967,5,11/29/2025,1,89.57,EUR,NEW,2026-02-06 22:12:47
902,1888,9,11/20/2025,6,4.09,USD,NEW,2026-02-06 22:12:47
903,171,9,10/19/2025,9,38.89,INR,NEW,2026-02-06 22:12:47
904,1792,3,08/23/2025,5,7.15,INR,NEW,2026-02-06 22:12:47
905,1610,9,01/20/2025,9,60.04,EUR,NEW,2026-02-06 22:12:47
906,2042,6,03/15/2025,10,0.66,INR,NEW,2026-02-06 22:12:47
907,2546,6,09/26/2025,5,77.78,EUR,NEW,2026-02-06 22:12:47
908,405,9,09/15/2025,9,64.79,CAD,NEW,2026-02-06 22:12:47
909,2880,9,03/07/2025,8,21.34,USD,NEW,2026-02-06 22:12:47
910,2705,3,09/03/2025,7,60.10,CAD,NEW,2026-02-06 22:12:47
911,1600,8,11/29/2025,1,9.40,CAD,NEW,2026-02-06 22:12:47
912,2868,2,05/29/2025,7,14.15,USD,NEW,2026-02-06 22:12:47
913,2081,10,02/18/2025,6,38.93,INR,NEW,2026-02-06 22:12:47
914,755,5,11/02/2025,1,10.08,USD,NEW,2026-02-06 22:12:47
915,1605,5,11/28/2025,5,67.79,CAD,NEW,2026-02-06 22:12:47
916,1305,3,11/24/2025,2,53.16,INR,NEW,2026-02-06 22:12:47
917,79,10,05/31/2025,3,12.12,EUR,NEW,2026-02-06 22:12:47
918,1290,2,09/18/2025,3,56.13,INR,NEW,2026-02-06 22:12:47
919,1675,9,12/17/2025,3,89.66,USD,NEW,2026-02-06 22:12:47
920,245,9,06/02/2025,7,83.58,INR,NEW,2026-02-06 22:12:47
921,41,3,02/24/2025,1,38.84,EUR,NEW,2026-02-06 22:12:47
922,2684,3,10/19/2025,9,54.85,INR,NEW,2026-02-06 22:12:47
923,2217,3,11/14/2025,5,61.81,CAD,NEW,2026-02-06 22:12:47
924,365,2,01/07/2026,8,13.21,CAD,NEW,2026-02-06 22:12:47
925,2293,4,07/28/2025,5,4.65,INR,NEW,2026-02-06 22:12:47
926,663,3,06/07/2025,6,76.33,CAD,NEW,2026-02-06 22:12:47
927,2992,9,03/16/2025,2,60.94,INR,NEW,2026-02-06 22:12:47
928,1236,8,01/04/2026,2,11.32,EUR,NEW,2026-02-06 22:12:47
929,2086,6,06/04/2025,2,27.54,EUR,NEW,2026-02-06 22:12:47
930,36,5,08/26/2025,9,10.90,USD,NEW,2026-02-06 22:12:47
931,20,6,11/29/2025,10,14.75,USD,NEW,2026-02-06 22:12:47
932,944,2,05/12/2025,9,77.17,CAD,NEW,2026-02-06 22:12:47
933,78,3,01/01/2026,2,77.10,CAD,NEW,2026-02-06 22:12:47
934,325,2,01/12/2026,4,84.06,USD,NEW,2026-02-06 22:12:47
935,765,8,11/03/2025,4,29.11,EUR,NEW,2026-02-06 22:12:47
936,2801,10,01/02/2026,2,2.78,CAD,NEW,2026-02-06 22:12:47
937,2737,2,12/03/2025,8,32.61,INR,NEW,2026-02-06 22:12:47
938,2385,8,07/04/2025,5,35.25,CAD,NEW,2026-02-06 22:12:47
939,2085,1,03/18/2025,6,29.55,EUR,NEW,2026-02-06 22:12:47
940,725,8,01/13/2025,2,69.34,EUR,NEW,2026-02-06 22:12:47
941,2523,2,06/23/2025,4,46.49,EUR,NEW,2026-02-06 22:12:47
942,2927,8,03/13/2025,2,73.82,EUR,NEW,2026-02-06 22:12:47
943,957,7,05/05/2025,9,18.87,USD,NEW,2026-02-06 22:12:47
944,1974,9,01/03/2025,8,74.01,CAD,NEW,2026-02-06 22:12:47
945,321,10,12/11/2025,5,46.13,CAD,NEW,2026-02-06 22:12:47
946,132,8,09/26/2025,2,55.78,EUR,NEW,2026-02-06 22:12:47
947,1811,3,01/02/2026,10,94.19,INR,NEW,2026-02-06 22:12:47
948,882,1,06/30/2025,7,43.07,USD,NEW,2026-02-06 22:12:47
949,2481,5,10/23/2025,6,1.76,EUR,NEW,2026-02-06 22:12:47
950,372,5,11/02/2025,6,23.73,EUR,NEW,2026-02-06 22:12:47
951,2280,8,03/18/2025,9,23.17,USD,NEW,2026-02-06 22:12:47
952,71,5,09/07/2025,8,36.58,EUR,NEW,2026-02-06 22:12:47
953,1877,7,06/04/2025,8,75.24,CAD,NEW,2026-02-06 22:12:47
954,435,6,02/17/2025,9,30.93,USD,NEW,2026-02-06 22:12:47
955,1476,4,01/10/2026,7,52.86,INR,NEW,2026-02-06 22:12:47
956,244,10,09/19/2025,1,7.03,INR,NEW,2026-02-06 22:12:47
957,1711,9,09/26/2025,4,63.94,INR,NEW,2026-02-06 22:12:47
958,2589,1,11/23/2025,5,61.50,EUR,NEW,2026-02-06 22:12:47
959,2671,5,06/21/2025,8,47.05,USD,NEW,2026-02-06 22:12:47
960,2447,6,01/01/2026,1,16.04,USD,NEW,2026-02-06 22:12:47
961,1159,6,12/29/2025,4,13.37,EUR,NEW,2026-02-06 22:12:47
962,251,2,09/26/2025,5,62.17,INR,NEW,2026-02-06 22:12:47
963,2968,7,08/28/2025,8,0.35,INR,NEW,2026-02-06 22:12:47
964,1742,7,10/01/2025,10,92.89,EUR,NEW,2026-02-06 22:12:47
965,1190,3,08/25/2025,1,53.95,EUR,NEW,2026-02-06 22:12:47
966,860,6,03/26/2025,8,2.39,CAD,NEW,2026-02-06 22:12:47
967,1124,7,01/12/2025,6,92.27,USD,NEW,2026-02-06 22:12:47
968,2098,8,11/29/2025,3,84.87,CAD,NEW,2026-02-06 22:12:47
969,1921,6,07/13/2025,8,32.64,EUR,NEW,2026-02-06 22:12:47
970,1395,4,08/29/2025,5,55.84,INR,NEW,2026-02-06 22:12:47
971,231,5,06/02/2025,3,34.11,CAD,NEW,2026-02-06 22:12:47
972,448,7,12/26/2025,3,80.51,EUR,NEW,2026-02-06 22:12:47
973,1400,4,07/11/2025,8,18.08,CAD,NEW,2026-02-06 22:12:47
974,2359,5,05/23/2025,1,23.30,CAD,NEW,2026-02-06 22:12:47
975,151,7,04/11/2025,5,39.90,INR,NEW,2026-02-06 22:12:47
976,2262,2,07/25/2025,2,34.05,INR,NEW,2026-02-06 22:12:47
977,1669,2,05/07/2025,1,46.05,EUR,NEW,2026-02-06 22:12:47
978,1461,6,10/02/2025,6,79.58,EUR,NEW,2026-02-06 22:12:47
979,811,8,02/11/2025,1,45.59,CAD,NEW,2026-02-06 22:12:47
980,2399,10,01/10/2025,9,38.11,INR,NEW,2026-02-06 22:12:47
981,2979,2,08/29/2025,8,74.52,EUR,NEW,2026-02-06 22:12:47
982,912,7,10/16/2025,8,91.37,CAD,NEW,2026-02-06 22:12:47
983,1713,7,06/13/2025,6,28.18,CAD,NEW,2026-02-06 22:12:47
984,1643,7,02/27/2025,10,26.79,EUR,NEW,2026-02-06 22:12:47
985,838,3,07/14/2025,7,83.13,CAD,NEW,2026-02-06 22:12:47
986,2930,4,05/11/2025,4,51.51,CAD,NEW,2026-02-06 22:12:47
987,1314,8,04/26/2025,9,88.59,CAD,NEW,2026-02-06 22:12:47
988,2231,7,10/26/2025,9,97.90,USD,NEW,2026-02-06 22:12:47
989,2180,8,09/17/2025,1,59.94,CAD,NEW,2026-02-06 22:12:47
990,1460,4,05/23/2025,7,96.15,USD,NEW,2026-02-06 22:12:47
991,339,2,12/05/2025,9,87.10,USD,NEW,2026-02-06 22:12:47
992,2562,2,02/18/2025,3,47.10,USD,NEW,2026-02-06 22:12:47
993,2197,1,01/07/2026,10,59.73,EUR,NEW,2026-02-06 22:12:47
994,292,10,08/16/2025,10,37.16,CAD,NEW,2026-02-06 22:12:47
995,296,2,01/22/2025,4,97.23,INR,NEW,2026-02-06 22:12:47
996,2325,4,10/03/2025,2,16.62,CAD,NEW,2026-02-06 22:12:47
997,1153,4,07/11/2025,8,16.29,INR,NEW,2026-02-06 22:12:47
998,1878,6,07/31/2025,3,41.60,INR,NEW,2026-02-06 22:12:47
999,1571,7,11/04/2025,6,69.82,CAD,NEW,2026-02-06 22:12:47
1000,1655,6,12/19/2025,3,33.76,EUR,NEW,2026-02-06 22:12:47
1001,2840,20,04/18/2025,8,59.80,CAD,NEW,2026-02-06 22:12:47
1002,907,13,03/21/2025,9,79.87,INR,NEW,2026-02-06 22:12:47
1003,1453,1,06/20/2025,2,0.32,EUR,NEW,2026-02-06 22:12:47
1004,2564,2,01/05/2026,9,19.98,CAD,NEW,2026-02-06 22:12:47
1005,1712,7,10/06/2025,9,40.03,CAD,NEW,2026-02-06 22:12:47
1006,354,1,12/03/2025,3,48.47,CAD,NEW,2026-02-06 22:12:47
1007,2890,2,01/05/2025,9,1.47,CAD,NEW,2026-02-06 22:12:47
1008,22,1,10/17/2025,6,86.73,INR,NEW,2026-02-06 22:12:47
1009,718,6,12/27/2025,5,97.55,USD,NEW,2026-02-06 22:12:47
1010,1476,7,12/28/2025,7,40.65,USD,NEW,2026-02-06 22:12:47
1011,1481,3,04/21/2025,3,85.15,EUR,NEW,2026-02-06 22:12:47
1012,2080,9,01/10/2025,5,29.63,USD,NEW,2026-02-06 22:12:47
1013,824,4,06/20/2025,9,85.21,CAD,NEW,2026-02-06 22:12:47
1014,659,4,07/21/2025,1,96.45,EUR,NEW,2026-02-06 22:12:47
1015,2928,2,08/09/2025,5,37.83,INR,NEW,2026-02-06 22:12:47
1016,2954,3,04/29/2025,1,42.60,USD,NEW,2026-02-06 22:12:47
1017,1410,4,02/07/2025,10,62.09,CAD,NEW,2026-02-06 22:12:47
1018,1130,1,01/10/2025,4,67.73,INR,NEW,2026-02-06 22:12:47
1019,2067,3,08/05/2025,2,58.45,INR,NEW,2026-02-06 22:12:47
1020,2036,10,09/11/2025,9,12.60,USD,NEW,2026-02-06 22:12:47
1021,968,10,12/19/2025,1,16.64,INR,NEW,2026-02-06 22:12:47
1022,1927,7,11/27/2025,4,93.25,USD,NEW,2026-02-06 22:12:47
1023,2655,1,05/24/2025,10,58.01,CAD,NEW,2026-02-06 22:12:47
1024,1996,10,06/24/2025,8,62.37,INR,NEW,2026-02-06 22:12:47
1025,1724,9,10/02/2025,4,45.14,INR,NEW,2026-02-06 22:12:47
1026,1952,9,04/08/2025,5,85.11,CAD,NEW,2026-02-06 22:12:47
1027,2126,1,02/28/2025,4,84.47,EUR,NEW,2026-02-06 22:12:47
1028,2863,8,07/16/2025,8,70.43,CAD,NEW,2026-02-06 22:12:47
1029,2266,7,01/22/2025,4,88.10,CAD,NEW,2026-02-06 22:12:47
1030,1259,8,01/03/2026,8,84.74,USD,NEW,2026-02-06 22:12:47
1031,1090,7,02/04/2025,4,2.23,EUR,NEW,2026-02-06 22:12:47
1032,759,3,03/24/2025,4,24.47,INR,NEW,2026-02-06 22:12:47
1033,1288,6,05/22/2025,6,22.25,INR,NEW,2026-02-06 22:12:47
1034,1674,2,12/31/2025,1,87.03,CAD,NEW,2026-02-06 22:12:47
1035,2915,7,11/04/2025,6,70.59,INR,NEW,2026-02-06 22:12:47
1036,1871,1,07/12/2025,10,97.52,CAD,NEW,2026-02-06 22:12:47
1037,630,9,09/10/2025,9,65.15,INR,NEW,2026-02-06 22:12:47
1038,1194,1,09/04/2025,9,18.76,USD,NEW,2026-02-06 22:12:47
1039,687,10,04/07/2025,6,39.93,USD,NEW,2026-02-06 22:12:47
1040,2930,10,05/11/2025,6,92.13,INR,NEW,2026-02-06 22:12:47
1041,1053,3,01/13/2026,3,28.39,CAD,NEW,2026-02-06 22:12:47
1042,1425,9,05/07/2025,3,28.71,USD,NEW,2026-02-06 22:12:47
1043,900,9,10/06/2025,2,49.07,EUR,NEW,2026-02-06 22:12:47
1044,2627,5,08/28/2025,3,9.75,EUR,NEW,2026-02-06 22:12:47
1045,1024,1,02/20/2025,8,88.40,CAD,NEW,2026-02-06 22:12:47
1046,2894,9,08/05/2025,7,48.70,INR,NEW,2026-02-06 22:12:47
1047,1091,3,03/27/2025,3,40.04,INR,NEW,2026-02-06 22:12:47
1048,438,5,09/25/2025,6,64.87,INR,NEW,2026-02-06 22:12:47
1049,1241,7,12/29/2025,2,48.65,USD,NEW,2026-02-06 22:12:47
1050,380,7,09/28/2025,2,65.57,EUR,NEW,2026-02-06 22:12:47
1051,956,2,11/22/2025,1,95.65,CAD,NEW,2026-02-06 22:12:47
1052,270,1,09/11/2025,5,86.33,USD,NEW,2026-02-06 22:12:47
1053,866,10,10/22/2025,3,75.55,USD,NEW,2026-02-06 22:12:47
1054,2332,8,09/21/2025,2,75.95,USD,NEW,2026-02-06 22:12:47
1055,1430,3,04/26/2025,8,71.17,CAD,NEW,2026-02-06 22:12:47
1056,112,8,11/12/2025,10,73.50,CAD,NEW,2026-02-06 22:12:47
1057,2472,1,05/02/2025,10,67.03,CAD,NEW,2026-02-06 22:12:47
1058,4,4,10/24/2025,1,9.91,INR,NEW,2026-02-06 22:12:47
1059,948,5,02/08/2025,10,60.41,EUR,NEW,2026-02-06 22:12:47
1060,2997,3,06/13/2025,5,40.24,CAD,NEW,2026-02-06 22:12:47
1061,728,4,04/06/2025,5,86.53,INR,NEW,2026-02-06 22:12:47
1062,1064,2,05/31/2025,4,57.62,CAD,NEW,2026-02-06 22:12:47
1063,27,8,08/30/2025,8,25.73,CAD,NEW,2026-02-06 22:12:47
1064,116,4,10/17/2025,7,83.89,EUR,NEW,2026-02-06 22:12:47
1065,1173,5,12/22/2025,7,37.21,INR,NEW,2026-02-06 22:12:47
1066,2008,1,04/07/2025,10,8.12,CAD,NEW,2026-02-06 22:12:47
1067,1376,1,07/21/2025,3,62.95,EUR,NEW,2026-02-06 22:12:47
1068,2487,1,02/10/2025,3,85.89,USD,NEW,2026-02-06 22:12:47
1069,227,7,12/03/2025,8,56.99,EUR,NEW,2026-02-06 22:12:47
1070,1697,7,07/21/2025,2,73.95,USD,NEW,2026-02-06 22:12:47
1071,2723,6,09/20/2025,8,39.97,CAD,NEW,2026-02-06 22:12:47
1072,765,1,12/23/2025,8,2.25,INR,NEW,2026-02-06 22:12:47
1073,406,6,02/22/2025,7,36.83,EUR,NEW,2026-02-06 22:12:47
1074,1358,9,07/08/2025,3,17.89,CAD,NEW,2026-02-06 22:12:47
1075,2931,3,08/31/2025,3,9.45,EUR,NEW,2026-02-06 22:12:47
1076,1701,7,04/20/2025,6,53.55,CAD,NEW,2026-02-06 22:12:47
1077,2801,3,01/07/2025,9,87.05,INR,NEW,2026-02-06 22:12:47
1078,2098,6,04/04/2025,5,90.27,CAD,NEW,2026-02-06 22:12:47
1079,1467,10,10/14/2025,2,84.57,USD,NEW,2026-02-06 22:12:47
1080,1135,10,10/24/2025,7,22.26,INR,NEW,2026-02-06 22:12:47
1081,440,1,09/25/2025,4,35.03,INR,NEW,2026-02-06 22:12:47
1082,1355,2,01/20/2025,4,29.91,EUR,NEW,2026-02-06 22:12:47
1083,571,6,10/28/2025,9,9.96,CAD,NEW,2026-02-06 22:12:47
1084,2937,2,10/19/2025,9,46.30,EUR,NEW,2026-02-06 22:12:47
1085,2033,2,09/29/2025,8,45.66,USD,NEW,2026-02-06 22:12:47
1086,2436,8,03/17/2025,1,80.58,INR,NEW,2026-02-06 22:12:47
1087,1329,9,02/03/2025,8,73.35,CAD,NEW,2026-02-06 22:12:47
1088,1479,3,11/24/2025,7,21.79,EUR,NEW,2026-02-06 22:12:47
1089,343,9,08/09/2025,8,26.10,CAD,NEW,2026-02-06 22:12:47
1090,2017,2,04/23/2025,10,23.56,USD,NEW,2026-02-06 22:12:47
1091,758,8,01/24/2025,2,44.78,INR,NEW,2026-02-06 22:12:47
1092,2730,3,09/11/2025,3,94.64,CAD,NEW,2026-02-06 22:12:47
1093,2946,3,06/10/2025,9,60.86,EUR,NEW,2026-02-06 22:12:47
1094,2018,6,05/20/2025,5,16.52,CAD,NEW,2026-02-06 22:12:47
1095,1390,5,06/18/2025,10,89.74,CAD,NEW,2026-02-06 22:12:47
1096,913,4,06/01/2025,7,77.01,INR,NEW,2026-02-06 22:12:47
1097,2853,3,01/11/2025,3,35.40,CAD,NEW,2026-02-06 22:12:47
1098,2861,4,05/29/2025,7,69.90,USD,NEW,2026-02-06 22:12:47
1099,710,5,10/23/2025,8,82.58,USD,NEW,2026-02-06 22:12:47
1100,2505,8,05/11/2025,7,97.67,USD,NEW,2026-02-06 22:12:47
1101,2260,2,11/03/2025,3,72.38,USD,NEW,2026-02-06 22:12:47
1102,1981,4,02/23/2025,8,22.76,INR,NEW,2026-02-06 22:12:47
1103,2555,3,04/07/2025,7,86.98,USD,NEW,2026-02-06 22:12:47
1104,266,7,04/06/2025,10,4.15,USD,NEW,2026-02-06 22:12:47
1105,531,3,08/10/2025,6,97.27,EUR,NEW,2026-02-06 22:12:47
1106,1564,2,05/23/2025,7,97.90,INR,NEW,2026-02-06 22:12:47
1107,1159,3,11/10/2025,2,29.90,CAD,NEW,2026-02-06 22:12:47
1108,1867,8,04/14/2025,9,24.56,INR,NEW,2026-02-06 22:12:47
1109,506,5,04/09/2025,10,89.79,INR,NEW,2026-02-06 22:12:47
1110,1019,4,04/11/2025,1,84.93,EUR,NEW,2026-02-06 22:12:47
1111,2426,8,06/11/2025,3,36.69,CAD,NEW,2026-02-06 22:12:47
1112,1479,6,03/01/2025,10,0.58,EUR,NEW,2026-02-06 22:12:47
1113,1621,9,03/09/2025,6,95.41,USD,NEW,2026-02-06 22:12:47
1114,2725,3,07/21/2025,6,71.84,EUR,NEW,2026-02-06 22:12:47
1115,2915,2,12/18/2025,1,91.95,USD,NEW,2026-02-06 22:12:47
1116,148,6,06/22/2025,6,81.26,USD,NEW,2026-02-06 22:12:47
1117,2297,8,05/13/2025,5,41.26,CAD,NEW,2026-02-06 22:12:47
1118,1687,5,09/07/2025,5,87.90,INR,NEW,2026-02-06 22:12:47
1119,662,9,12/16/2025,8,3.30,INR,NEW,2026-02-06 22:12:47
1120,1734,1,09/27/2025,8,75.20,INR,NEW,2026-02-06 22:12:47
1121,388,5,04/08/2025,10,2.29,EUR,NEW,2026-02-06 22:12:47
1122,382,9,03/01/2025,2,78.25,EUR,NEW,2026-02-06 22:12:47
1123,904,6,02/28/2025,7,17.69,USD,NEW,2026-02-06 22:12:47
1124,448,1,02/04/2025,3,73.33,EUR,NEW,2026-02-06 22:12:47
1125,755,3,01/06/2025,6,22.52,CAD,NEW,2026-02-06 22:12:47
1126,585,10,09/30/2025,4,61.53,USD,NEW,2026-02-06 22:12:47
1127,778,9,01/05/2025,8,83.99,CAD,NEW,2026-02-06 22:12:47
1128,1047,8,01/06/2026,1,64.46,USD,NEW,2026-02-06 22:12:47
1129,74,2,06/14/2025,7,29.36,EUR,NEW,2026-02-06 22:12:47
1130,972,9,02/07/2025,5,34.89,USD,NEW,2026-02-06 22:12:47
1131,839,6,11/07/2025,7,15.63,EUR,NEW,2026-02-06 22:12:47
1132,536,4,11/21/2025,7,90.71,EUR,NEW,2026-02-06 22:12:47
1133,1705,3,01/21/2025,7,6.78,EUR,NEW,2026-02-06 22:12:47
1134,137,1,04/20/2025,1,3.22,USD,NEW,2026-02-06 22:12:47
1135,2692,1,05/08/2025,3,49.50,CAD,NEW,2026-02-06 22:12:47
1136,2206,3,05/08/2025,5,34.82,CAD,NEW,2026-02-06 22:12:47
1137,2023,3,01/07/2026,9,26.10,CAD,NEW,2026-02-06 22:12:47
1138,2330,5,08/10/2025,7,27.84,EUR,NEW,2026-02-06 22:12:47
1139,395,5,11/15/2025,10,24.13,INR,NEW,2026-02-06 22:12:47
1140,2976,10,09/30/2025,6,33.17,USD,NEW,2026-02-06 22:12:47
1141,2999,5,02/01/2025,1,54.95,USD,NEW,2026-02-06 22:12:47
1142,115,2,01/12/2025,6,80.51,USD,NEW,2026-02-06 22:12:47
1143,1402,4,01/25/2025,4,85.31,USD,NEW,2026-02-06 22:12:47
1144,932,5,08/12/2025,3,44.42,CAD,NEW,2026-02-06 22:12:47
1145,1828,4,01/08/2026,6,36.76,CAD,NEW,2026-02-06 22:12:47
1146,27,8,11/21/2025,4,81.88,CAD,NEW,2026-02-06 22:12:47
1147,2354,3,03/26/2025,10,97.20,CAD,NEW,2026-02-06 22:12:47
1148,829,7,05/22/2025,7,0.40,USD,NEW,2026-02-06 22:12:47
1149,1296,2,11/20/2025,2,87.71,USD,NEW,2026-02-06 22:12:47
1150,2502,9,11/03/2025,5,75.47,EUR,NEW,2026-02-06 22:12:47
1151,2734,3,08/21/2025,1,82.29,USD,NEW,2026-02-06 22:12:47
1152,283,5,07/14/2025,10,56.73,USD,NEW,2026-02-06 22:12:47
1153,2133,8,07/13/2025,10,45.48,INR,NEW,2026-02-06 22:12:47
1154,136,2,01/25/2025,7,26.39,CAD,NEW,2026-02-06 22:12:47
1155,1709,3,05/20/2025,6,44.41,USD,NEW,2026-02-06 22:12:47
1156,405,4,08/20/2025,10,21.46,USD,NEW,2026-02-06 22:12:47
1157,689,7,01/19/2025,4,96.41,INR,NEW,2026-02-06 22:12:47
1158,1935,4,08/01/2025,6,64.39,EUR,NEW,2026-02-06 22:12:47
1159,526,5,04/18/2025,3,60.46,INR,NEW,2026-02-06 22:12:47
1160,1249,6,04/03/2025,9,56.81,EUR,NEW,2026-02-06 22:12:47
1161,1682,7,10/07/2025,5,6.99,USD,NEW,2026-02-06 22:12:47
1162,1002,3,09/26/2025,3,71.43,INR,NEW,2026-02-06 22:12:47
1163,309,4,08/19/2025,7,10.23,USD,NEW,2026-02-06 22:12:47
1164,1731,2,09/11/2025,5,87.11,INR,NEW,2026-02-06 22:12:47
1165,906,10,07/20/2025,6,34.71,EUR,NEW,2026-02-06 22:12:47
1166,924,10,09/11/2025,7,56.02,USD,NEW,2026-02-06 22:12:47
1167,2963,9,04/21/2025,8,1.09,EUR,NEW,2026-02-06 22:12:47
1168,2076,3,09/19/2025,3,88.37,INR,NEW,2026-02-06 22:12:47
1169,1786,10,05/25/2025,6,99.95,CAD,NEW,2026-02-06 22:12:47
1170,2192,5,09/01/2025,4,7.10,CAD,NEW,2026-02-06 22:12:47
1171,545,7,03/23/2025,3,84.54,USD,NEW,2026-02-06 22:12:47
1172,1300,7,04/04/2025,1,27.30,CAD,NEW,2026-02-06 22:12:47
1173,2924,8,12/25/2025,6,14.76,CAD,NEW,2026-02-06 22:12:47
1174,1394,5,03/19/2025,6,73.39,INR,NEW,2026-02-06 22:12:47
1175,2953,9,06/27/2025,7,30.30,CAD,NEW,2026-02-06 22:12:47
1176,2432,5,06/21/2025,2,50.25,EUR,NEW,2026-02-06 22:12:47
1177,2314,8,04/20/2025,3,37.09,EUR,NEW,2026-02-06 22:12:47
1178,1775,10,01/08/2025,9,68.46,CAD,NEW,2026-02-06 22:12:47
1179,253,4,07/25/2025,10,21.73,INR,NEW,2026-02-06 22:12:47
1180,2118,9,12/04/2025,7,66.24,INR,NEW,2026-02-06 22:12:47
1181,2115,7,02/03/2025,5,31.18,CAD,NEW,2026-02-06 22:12:47
1182,1182,9,09/13/2025,8,31.95,INR,NEW,2026-02-06 22:12:47
1183,21,10,02/07/2025,8,54.85,INR,NEW,2026-02-06 22:12:47
1184,512,10,04/16/2025,8,79.71,USD,NEW,2026-02-06 22:12:47
1185,530,1,10/31/2025,6,58.95,EUR,NEW,2026-02-06 22:12:47
1186,1244,5,09/12/2025,3,75.46,INR,NEW,2026-02-06 22:12:47
1187,461,10,12/04/2025,8,7.02,CAD,NEW,2026-02-06 22:12:47
1188,2664,9,06/08/2025,4,66.46,INR,NEW,2026-02-06 22:12:47
1189,2025,2,09/15/2025,5,15.90,INR,NEW,2026-02-06 22:12:47
1190,1132,10,04/13/2025,8,71.06,EUR,NEW,2026-02-06 22:12:47
1191,2460,6,11/30/2025,1,60.96,INR,NEW,2026-02-06 22:12:47
1192,885,2,01/08/2026,10,62.51,USD,NEW,2026-02-06 22:12:47
1193,228,9,02/05/2025,6,15.24,CAD,NEW,2026-02-06 22:12:47
1194,272,1,10/04/2025,1,62.54,USD,NEW,2026-02-06 22:12:47
1195,2758,9,08/03/2025,2,84.85,EUR,NEW,2026-02-06 22:12:47
1196,136,7,07/26/2025,5,96.72,INR,NEW,2026-02-06 22:12:47
1197,2806,9,12/03/2025,5,54.52,INR,NEW,2026-02-06 22:12:47
1198,2985,6,02/10/2025,3,54.26,CAD,NEW,2026-02-06 22:12:47
1199,2911,10,09/11/2025,3,96.55,INR,NEW,2026-02-06 22:12:47
1200,365,6,04/29/2025,8,52.81,INR,NEW,2026-02-06 22:12:47
1201,1872,6,06/06/2025,9,46.71,EUR,NEW,2026-02-06 22:12:47
1202,680,7,06/23/2025,10,75.96,INR,NEW,2026-02-06 22:12:47
1203,2919,2,07/06/2025,9,8.48,CAD,NEW,2026-02-06 22:12:47
1204,1905,6,03/04/2025,3,31.46,INR,NEW,2026-02-06 22:12:47
1205,2030,3,09/20/2025,6,8.30,INR,NEW,2026-02-06 22:12:47
1206,101,10,12/05/2025,5,60.27,USD,NEW,2026-02-06 22:12:47
1207,1653,4,06/07/2025,9,55.84,USD,NEW,2026-02-06 22:12:47
1208,226,1,01/14/2026,8,36.43,USD,NEW,2026-02-06 22:12:47
1209,1503,10,10/26/2025,10,28.25,USD,NEW,2026-02-06 22:12:47
1210,620,8,11/22/2025,2,66.98,INR,NEW,2026-02-06 22:12:47
1211,224,3,07/15/2025,4,65.34,EUR,NEW,2026-02-06 22:12:47
1212,116,3,01/15/2025,9,20.34,EUR,NEW,2026-02-06 22:12:47
1213,1344,1,12/31/2025,2,51.95,CAD,NEW,2026-02-06 22:12:47
1214,1155,9,12/17/2025,9,25.59,INR,NEW,2026-02-06 22:12:47
1215,2091,5,12/10/2025,4,16.62,EUR,NEW,2026-02-06 22:12:47
1216,1811,8,04/20/2025,3,3.49,EUR,NEW,2026-02-06 22:12:47
1217,1409,5,08/09/2025,5,92.03,CAD,NEW,2026-02-06 22:12:47
1218,1430,1,12/06/2025,5,44.46,CAD,NEW,2026-02-06 22:12:47
1219,2205,4,09/06/2025,9,53.55,USD,NEW,2026-02-06 22:12:47
1220,1700,8,04/02/2025,4,35.80,EUR,NEW,2026-02-06 22:12:47
1221,1267,10,11/20/2025,10,77.26,INR,NEW,2026-02-06 22:12:47
1222,1081,10,03/13/2025,8,4.58,USD,NEW,2026-02-06 22:12:47
1223,2918,6,08/25/2025,1,48.33,INR,NEW,2026-02-06 22:12:47
1224,66,5,01/20/2025,10,66.93,USD,NEW,2026-02-06 22:12:47
1225,1721,10,09/10/2025,10,55.33,INR,NEW,2026-02-06 22:12:47
1226,2305,10,08/29/2025,4,34.08,CAD,NEW,2026-02-06 22:12:47
1227,2298,6,03/24/2025,1,13.67,EUR,NEW,2026-02-06 22:12:47
1228,276,5,03/26/2025,8,0.73,EUR,NEW,2026-02-06 22:12:47
1229,2910,10,09/28/2025,9,28.95,INR,NEW,2026-02-06 22:12:47
1230,359,1,06/19/2025,10,79.66,USD,NEW,2026-02-06 22:12:47
1231,589,1,12/19/2025,5,20.99,CAD,NEW,2026-02-06 22:12:47
1232,2897,8,11/04/2025,1,90.43,CAD,NEW,2026-02-06 22:12:47
1233,1801,6,11/24/2025,10,21.56,EUR,NEW,2026-02-06 22:12:47
1234,2763,3,03/24/2025,8,40.31,USD,NEW,2026-02-06 22:12:47
1235,288,6,02/10/2025,1,27.18,USD,NEW,2026-02-06 22:12:47
1236,910,10,01/27/2025,7,23.30,INR,NEW,2026-02-06 22:12:47
1237,1994,3,01/22/2025,10,70.30,EUR,NEW,2026-02-06 22:12:47
1238,2908,5,10/25/2025,4,56.32,EUR,NEW,2026-02-06 22:12:47
1239,1681,6,07/13/2025,8,46.52,EUR,NEW,2026-02-06 22:12:47
1240,891,9,10/04/2025,9,70.56,EUR,NEW,2026-02-06 22:12:47
1241,2915,7,01/10/2026,4,9.42,USD,NEW,2026-02-06 22:12:47
1242,670,6,07/07/2025,7,90.60,EUR,NEW,2026-02-06 22:12:47
1243,667,7,01/31/2025,5,50.45,INR,NEW,2026-02-06 22:12:47
1244,967,5,05/19/2025,6,10.30,CAD,NEW,2026-02-06 22:12:47
1245,2004,7,03/28/2025,6,47.19,CAD,NEW,2026-02-06 22:12:47
1246,507,2,09/23/2025,3,61.62,INR,NEW,2026-02-06 22:12:47
1247,1099,5,01/03/2026,5,26.73,INR,NEW,2026-02-06 22:12:47
1248,281,6,05/05/2025,1,6.67,INR,NEW,2026-02-06 22:12:47
1249,2606,8,03/21/2025,6,29.43,USD,NEW,2026-02-06 22:12:47
1250,1225,4,06/26/2025,8,88.69,EUR,NEW,2026-02-06 22:12:47
1251,1856,3,05/20/2025,7,98.04,EUR,NEW,2026-02-06 22:12:47
1252,2114,7,12/28/2025,5,63.99,EUR,NEW,2026-02-06 22:12:47
1253,106,3,04/06/2025,1,5.62,INR,NEW,2026-02-06 22:12:47
1254,1797,8,07/26/2025,5,33.70,USD,NEW,2026-02-06 22:12:47
1255,1237,10,09/15/2025,2,41.38,EUR,NEW,2026-02-06 22:12:47
1256,1991,10,10/26/2025,9,5.68,CAD,NEW,2026-02-06 22:12:47
1257,2831,4,02/07/2025,9,15.06,CAD,NEW,2026-02-06 22:12:47
1258,1047,8,12/24/2025,8,30.95,EUR,NEW,2026-02-06 22:12:47
1259,2321,9,06/25/2025,5,28.19,EUR,NEW,2026-02-06 22:12:47
1260,1424,8,08/02/2025,3,98.79,CAD,NEW,2026-02-06 22:12:47
1261,571,10,02/14/2025,4,39.21,CAD,NEW,2026-02-06 22:12:47
1262,2546,6,02/24/2025,1,21.00,USD,NEW,2026-02-06 22:12:47
1263,2136,10,01/08/2025,4,78.05,EUR,NEW,2026-02-06 22:12:47
1264,2928,10,05/14/2025,8,80.58,EUR,NEW,2026-02-06 22:12:47
1265,1292,7,07/11/2025,6,59.93,USD,NEW,2026-02-06 22:12:47
1266,1508,9,12/17/2025,8,60.71,USD,NEW,2026-02-06 22:12:47
1267,1350,8,03/11/2025,8,76.27,CAD,NEW,2026-02-06 22:12:47
1268,963,6,11/09/2025,1,15.24,USD,NEW,2026-02-06 22:12:47
1269,3000,7,07/28/2025,1,96.18,USD,NEW,2026-02-06 22:12:47
1270,247,10,10/04/2025,3,71.82,INR,NEW,2026-02-06 22:12:47
1271,651,7,08/29/2025,5,99.36,USD,NEW,2026-02-06 22:12:47
1272,1621,3,12/17/2025,5,97.75,USD,NEW,2026-02-06 22:12:47
1273,727,8,03/16/2025,3,84.81,USD,NEW,2026-02-06 22:12:47
1274,2849,2,12/26/2025,4,34.32,USD,NEW,2026-02-06 22:12:47
1275,2259,8,05/26/2025,5,11.48,INR,NEW,2026-02-06 22:12:47
1276,2211,10,06/14/2025,9,54.80,CAD,NEW,2026-02-06 22:12:47
1277,550,1,11/03/2025,7,37.47,INR,NEW,2026-02-06 22:12:47
1278,914,2,02/05/2025,1,4.41,USD,NEW,2026-02-06 22:12:47
1279,6,10,07/11/2025,3,26.60,EUR,NEW,2026-02-06 22:12:47
1280,87,2,05/24/2025,10,36.45,USD,NEW,2026-02-06 22:12:47
1281,2223,6,02/09/2025,2,95.75,INR,NEW,2026-02-06 22:12:47
1282,1103,1,08/11/2025,9,11.71,EUR,NEW,2026-02-06 22:12:47
1283,1469,7,07/25/2025,10,94.85,INR,NEW,2026-02-06 22:12:47
1284,2602,10,08/14/2025,10,38.53,CAD,NEW,2026-02-06 22:12:47
1285,1090,1,07/15/2025,5,59.17,INR,NEW,2026-02-06 22:12:47
1286,2494,6,01/11/2026,8,13.35,EUR,NEW,2026-02-06 22:12:47
1287,2053,2,06/18/2025,9,71.48,USD,NEW,2026-02-06 22:12:47
1288,2611,9,01/30/2025,7,55.00,EUR,NEW,2026-02-06 22:12:47
1289,2512,1,02/24/2025,1,85.58,EUR,NEW,2026-02-06 22:12:47
1290,1343,2,11/06/2025,3,33.27,USD,NEW,2026-02-06 22:12:47
1291,481,5,03/05/2025,4,82.88,CAD,NEW,2026-02-06 22:12:47
1292,717,2,09/24/2025,1,84.23,EUR,NEW,2026-02-06 22:12:47
1293,1258,5,04/11/2025,5,85.06,INR,NEW,2026-02-06 22:12:47
1294,1692,7,06/16/2025,6,26.46,INR,NEW,2026-02-06 22:12:47
1295,2654,9,08/29/2025,2,6.14,INR,NEW,2026-02-06 22:12:47
1296,1249,3,12/18/2025,5,7.84,INR,NEW,2026-02-06 22:12:47
1297,2239,9,09/21/2025,6,26.93,EUR,NEW,2026-02-06 22:12:47
1298,1456,5,02/02/2025,6,41.82,CAD,NEW,2026-02-06 22:12:47
1299,1865,4,11/16/2025,3,24.55,CAD,NEW,2026-02-06 22:12:47
1300,2491,7,09/06/2025,3,18.70,EUR,NEW,2026-02-06 22:12:47
1301,2640,7,12/03/2025,4,62.30,EUR,NEW,2026-02-06 22:12:47
1302,1385,6,08/20/2025,8,84.24,CAD,NEW,2026-02-06 22:12:47
1303,2764,4,07/21/2025,9,46.95,EUR,NEW,2026-02-06 22:12:47
1304,2989,4,08/19/2025,8,62.06,USD,NEW,2026-02-06 22:12:47
1305,1552,3,05/18/2025,9,55.85,CAD,NEW,2026-02-06 22:12:47
1306,2394,10,01/09/2026,6,77.40,EUR,NEW,2026-02-06 22:12:47
1307,2156,4,11/25/2025,9,47.49,USD,NEW,2026-02-06 22:12:47
1308,889,8,11/01/2025,6,84.99,CAD,NEW,2026-02-06 22:12:47
1309,1841,5,01/08/2025,2,77.89,CAD,NEW,2026-02-06 22:12:47
1310,808,1,01/11/2025,3,55.13,EUR,NEW,2026-02-06 22:12:47
1311,2123,1,06/25/2025,8,4.28,INR,NEW,2026-02-06 22:12:47
1312,1228,1,08/13/2025,2,16.05,CAD,NEW,2026-02-06 22:12:47
1313,2229,6,01/12/2025,2,17.13,EUR,NEW,2026-02-06 22:12:47
1314,2893,2,01/09/2025,2,16.77,EUR,NEW,2026-02-06 22:12:47
1315,1179,6,03/20/2025,3,40.51,CAD,NEW,2026-02-06 22:12:47
1316,425,6,05/15/2025,1,23.55,USD,NEW,2026-02-06 22:12:47
1317,1047,6,04/03/2025,5,79.93,EUR,NEW,2026-02-06 22:12:47
1318,2818,10,09/23/2025,6,14.16,EUR,NEW,2026-02-06 22:12:47
1319,456,5,08/26/2025,9,71.16,CAD,NEW,2026-02-06 22:12:47
1320,851,8,09/04/2025,9,42.50,USD,NEW,2026-02-06 22:12:47
1321,2929,6,07/24/2025,2,22.46,USD,NEW,2026-02-06 22:12:47
1322,2459,8,11/24/2025,9,74.36,USD,NEW,2026-02-06 22:12:47
1323,1064,10,01/09/2025,8,24.14,INR,NEW,2026-02-06 22:12:47
1324,769,4,02/09/2025,7,29.69,EUR,NEW,2026-02-06 22:12:47
1325,1937,2,01/26/2025,9,86.59,USD,NEW,2026-02-06 22:12:47
1326,1367,7,08/26/2025,3,30.49,EUR,NEW,2026-02-06 22:12:47
1327,491,8,10/01/2025,9,79.49,CAD,NEW,2026-02-06 22:12:47
1328,998,3,06/09/2025,5,84.12,INR,NEW,2026-02-06 22:12:47
1329,1543,8,10/15/2025,2,79.29,USD,NEW,2026-02-06 22:12:47
1330,1356,2,12/19/2025,5,12.72,CAD,NEW,2026-02-06 22:12:47
1331,1397,9,05/01/2025,2,88.54,CAD,NEW,2026-02-06 22:12:47
1332,2730,6,02/15/2025,4,46.18,CAD,NEW,2026-02-06 22:12:47
1333,2513,7,12/12/2025,8,76.10,CAD,NEW,2026-02-06 22:12:47
1334,172,1,07/12/2025,8,82.04,CAD,NEW,2026-02-06 22:12:47
1335,1994,10,03/24/2025,10,66.12,EUR,NEW,2026-02-06 22:12:47
1336,790,5,03/18/2025,9,52.52,CAD,NEW,2026-02-06 22:12:47
1337,249,1,11/14/2025,1,57.74,USD,NEW,2026-02-06 22:12:47
1338,92,10,02/20/2025,7,72.93,CAD,NEW,2026-02-06 22:12:47
1339,2502,9,08/02/2025,3,50.49,USD,NEW,2026-02-06 22:12:47
1340,2331,6,10/13/2025,8,65.24,INR,NEW,2026-02-06 22:12:47
1341,215,1,03/03/2025,5,35.63,USD,NEW,2026-02-06 22:12:47
1342,1117,10,08/12/2025,5,34.34,EUR,NEW,2026-02-06 22:12:47
1343,893,2,06/02/2025,6,34.85,EUR,NEW,2026-02-06 22:12:47
1344,2752,10,04/25/2025,3,0.60,INR,NEW,2026-02-06 22:12:47
1345,740,5,04/15/2025,10,31.38,INR,NEW,2026-02-06 22:12:47
1346,2433,1,03/28/2025,1,94.20,CAD,NEW,2026-02-06 22:12:47
1347,1801,8,02/09/2025,10,97.03,USD,NEW,2026-02-06 22:12:47
1348,1505,9,01/05/2025,4,57.36,EUR,NEW,2026-02-06 22:12:47
1349,971,6,11/03/2025,9,31.90,USD,NEW,2026-02-06 22:12:47
1350,576,6,03/18/2025,3,56.61,INR,NEW,2026-02-06 22:12:47
1351,66,9,12/21/2025,2,75.84,EUR,NEW,2026-02-06 22:12:47
1352,2478,1,01/09/2026,6,71.18,EUR,NEW,2026-02-06 22:12:47
1353,2440,4,04/19/2025,5,57.74,CAD,NEW,2026-02-06 22:12:47
1354,2721,7,05/09/2025,9,2.22,CAD,NEW,2026-02-06 22:12:47
1355,2982,7,07/01/2025,8,55.45,USD,NEW,2026-02-06 22:12:47
1356,1046,3,01/07/2026,7,72.35,USD,NEW,2026-02-06 22:12:47
1357,1542,6,09/26/2025,4,67.77,CAD,NEW,2026-02-06 22:12:47
1358,2075,5,11/11/2025,8,69.35,EUR,NEW,2026-02-06 22:12:47
1359,1911,3,08/03/2025,8,57.04,EUR,NEW,2026-02-06 22:12:47
1360,2388,3,08/31/2025,8,44.32,CAD,NEW,2026-02-06 22:12:47
1361,145,2,02/12/2025,8,91.51,USD,NEW,2026-02-06 22:12:47
1362,1951,4,02/16/2025,5,63.26,USD,NEW,2026-02-06 22:12:47
1363,80,4,01/13/2026,4,25.71,INR,NEW,2026-02-06 22:12:47
1364,2551,1,04/19/2025,8,25.68,CAD,NEW,2026-02-06 22:12:47
1365,740,10,02/08/2025,2,71.82,EUR,NEW,2026-02-06 22:12:47
1366,427,8,01/02/2025,2,64.11,EUR,NEW,2026-02-06 22:12:47
1367,443,10,09/13/2025,9,22.94,INR,NEW,2026-02-06 22:12:47
1368,157,4,08/31/2025,6,69.20,CAD,NEW,2026-02-06 22:12:47
1369,2100,5,02/08/2025,8,43.76,INR,NEW,2026-02-06 22:12:47
1370,2210,4,01/11/2025,5,67.24,CAD,NEW,2026-02-06 22:12:47
1371,739,9,12/28/2025,3,6.26,CAD,NEW,2026-02-06 22:12:47
1372,2759,9,05/07/2025,6,35.64,CAD,NEW,2026-02-06 22:12:47
1373,212,6,11/25/2025,5,34.26,INR,NEW,2026-02-06 22:12:47
1374,729,5,02/28/2025,10,7.01,CAD,NEW,2026-02-06 22:12:47
1375,2674,8,10/31/2025,8,74.91,EUR,NEW,2026-02-06 22:12:47
1376,2224,9,05/10/2025,3,45.12,USD,NEW,2026-02-06 22:12:47
1377,217,10,03/29/2025,7,56.29,EUR,NEW,2026-02-06 22:12:47
1378,8,5,06/07/2025,7,16.15,EUR,NEW,2026-02-06 22:12:47
1379,1893,6,09/21/2025,6,23.13,USD,NEW,2026-02-06 22:12:47
1380,2963,4,05/18/2025,4,92.11,INR,NEW,2026-02-06 22:12:47
1381,250,4,01/12/2025,8,7.19,INR,NEW,2026-02-06 22:12:47
1382,2584,6,04/22/2025,8,46.83,CAD,NEW,2026-02-06 22:12:47
1383,97,8,06/03/2025,7,38.20,USD,NEW,2026-02-06 22:12:47
1384,1394,3,11/19/2025,7,97.58,EUR,NEW,2026-02-06 22:12:47
1385,928,5,04/29/2025,6,30.07,INR,NEW,2026-02-06 22:12:47
1386,1195,9,06/06/2025,9,65.06,USD,NEW,2026-02-06 22:12:47
1387,1096,3,07/03/2025,4,26.95,USD,NEW,2026-02-06 22:12:47
1388,950,9,02/28/2025,3,91.46,USD,NEW,2026-02-06 22:12:47
1389,1465,9,04/18/2025,9,44.44,CAD,NEW,2026-02-06 22:12:47
1390,2812,5,08/01/2025,3,48.48,CAD,NEW,2026-02-06 22:12:47
1391,257,9,12/16/2025,1,77.33,CAD,NEW,2026-02-06 22:12:47
1392,2597,4,07/24/2025,6,76.76,USD,NEW,2026-02-06 22:12:47
1393,367,8,06/28/2025,4,98.18,EUR,NEW,2026-02-06 22:12:47
1394,1548,2,09/22/2025,3,3.92,CAD,NEW,2026-02-06 22:12:47
1395,1980,3,06/26/2025,4,35.72,INR,NEW,2026-02-06 22:12:47
1396,1711,6,03/29/2025,5,80.96,USD,NEW,2026-02-06 22:12:47
1397,2666,7,02/05/2025,2,81.46,INR,NEW,2026-02-06 22:12:47
1398,191,7,11/01/2025,4,22.35,USD,NEW,2026-02-06 22:12:47
1399,348,8,01/16/2025,8,12.32,INR,NEW,2026-02-06 22:12:47
1400,1353,7,06/25/2025,1,4.71,INR,NEW,2026-02-06 22:12:47
1401,2600,7,10/07/2025,4,6.24,USD,NEW,2026-02-06 22:12:47
1402,2499,9,11/19/2025,2,92.62,EUR,NEW,2026-02-06 22:12:47
1403,1571,5,02/27/2025,3,79.05,USD,NEW,2026-02-06 22:12:47
1404,23,6,12/06/2025,8,49.12,CAD,NEW,2026-02-06 22:12:47
1405,2354,9,06/25/2025,8,36.31,USD,NEW,2026-02-06 22:12:47
1406,400,8,06/18/2025,10,27.60,USD,NEW,2026-02-06 22:12:47
1407,1298,10,11/10/2025,5,28.98,CAD,NEW,2026-02-06 22:12:47
1408,216,8,04/20/2025,8,5.70,USD,NEW,2026-02-06 22:12:47
1409,1554,4,11/27/2025,1,76.45,CAD,NEW,2026-02-06 22:12:47
1410,2876,1,10/19/2025,7,58.46,EUR,NEW,2026-02-06 22:12:47
1411,2457,2,08/31/2025,5,98.90,CAD,NEW,2026-02-06 22:12:47
1412,1796,2,04/26/2025,3,52.48,CAD,NEW,2026-02-06 22:12:47
1413,1604,3,12/21/2025,10,74.19,USD,NEW,2026-02-06 22:12:47
1414,368,3,03/06/2025,6,46.38,CAD,NEW,2026-02-06 22:12:47
1415,404,10,05/25/2025,8,50.68,CAD,NEW,2026-02-06 22:12:47
1416,1152,9,02/20/2025,4,18.11,EUR,NEW,2026-02-06 22:12:47
1417,2624,10,11/24/2025,5,48.87,USD,NEW,2026-02-06 22:12:47
1418,415,5,12/01/2025,5,2.60,INR,NEW,2026-02-06 22:12:47
1419,1586,6,02/01/2025,1,23.29,INR,NEW,2026-02-06 22:12:47
1420,483,3,02/18/2025,9,3.92,USD,NEW,2026-02-06 22:12:47
1421,1398,3,09/21/2025,2,16.79,INR,NEW,2026-02-06 22:12:47
1422,816,6,09/27/2025,6,80.34,EUR,NEW,2026-02-06 22:12:47
1423,1436,9,01/12/2025,2,16.54,CAD,NEW,2026-02-06 22:12:47
1424,1786,3,06/15/2025,3,84.90,USD,NEW,2026-02-06 22:12:47
1425,1513,9,09/13/2025,9,4.69,USD,NEW,2026-02-06 22:12:47
1426,2073,10,12/06/2025,6,26.71,EUR,NEW,2026-02-06 22:12:47
1427,2427,7,10/15/2025,3,18.84,USD,NEW,2026-02-06 22:12:47
1428,24,4,05/03/2025,6,14.05,CAD,NEW,2026-02-06 22:12:47
1429,1617,7,02/27/2025,3,34.47,USD,NEW,2026-02-06 22:12:47
1430,1840,6,01/07/2026,6,90.06,CAD,NEW,2026-02-06 22:12:47
1431,2808,6,05/06/2025,10,66.73,CAD,NEW,2026-02-06 22:12:47
1432,343,1,10/02/2025,6,35.91,EUR,NEW,2026-02-06 22:12:47
1433,395,2,11/26/2025,4,65.91,USD,NEW,2026-02-06 22:12:47
1434,638,1,03/26/2025,10,60.28,USD,NEW,2026-02-06 22:12:47
1435,1498,10,07/19/2025,9,44.57,CAD,NEW,2026-02-06 22:12:47
1436,1798,9,01/08/2026,4,21.05,INR,NEW,2026-02-06 22:12:47
1437,1985,4,11/27/2025,8,89.40,EUR,NEW,2026-02-06 22:12:47
1438,1016,3,03/09/2025,1,93.47,CAD,NEW,2026-02-06 22:12:47
1439,2593,1,02/18/2025,2,69.66,EUR,NEW,2026-02-06 22:12:47
1440,1015,1,09/13/2025,4,33.57,INR,NEW,2026-02-06 22:12:47
1441,137,5,10/25/2025,10,41.64,USD,NEW,2026-02-06 22:12:47
1442,400,6,03/26/2025,4,47.13,CAD,NEW,2026-02-06 22:12:47
1443,1724,2,07/19/2025,6,68.26,EUR,NEW,2026-02-06 22:12:47
1444,1508,3,04/14/2025,3,99.75,USD,NEW,2026-02-06 22:12:47
1445,1865,7,12/19/2025,1,60.24,CAD,NEW,2026-02-06 22:12:47
1446,246,9,06/11/2025,1,61.97,CAD,NEW,2026-02-06 22:12:47
1447,1107,5,01/27/2025,3,64.48,CAD,NEW,2026-02-06 22:12:47
1448,2024,3,02/15/2025,8,54.23,EUR,NEW,2026-02-06 22:12:47
1449,1423,9,01/16/2025,4,24.67,USD,NEW,2026-02-06 22:12:47
1450,1183,9,04/29/2025,6,0.14,USD,NEW,2026-02-06 22:12:47
1451,2389,8,02/03/2025,8,48.20,EUR,NEW,2026-02-06 22:12:47
1452,1853,4,07/28/2025,5,76.19,CAD,NEW,2026-02-06 22:12:47
1453,1846,6,07/13/2025,3,10.24,USD,NEW,2026-02-06 22:12:47
1454,2636,8,07/07/2025,3,78.79,USD,NEW,2026-02-06 22:12:47
1455,713,10,01/09/2026,9,44.42,CAD,NEW,2026-02-06 22:12:47
1456,1502,7,12/09/2025,4,47.23,CAD,NEW,2026-02-06 22:12:47
1457,1061,1,10/18/2025,4,27.67,CAD,NEW,2026-02-06 22:12:47
1458,693,3,12/26/2025,10,22.73,EUR,NEW,2026-02-06 22:12:47
1459,2646,8,04/12/2025,6,97.63,CAD,NEW,2026-02-06 22:12:47
1460,1206,6,10/06/2025,10,58.83,CAD,NEW,2026-02-06 22:12:47
1461,1450,3,10/15/2025,7,13.35,CAD,NEW,2026-02-06 22:12:47
1462,2326,3,07/23/2025,4,8.72,USD,NEW,2026-02-06 22:12:47
1463,582,1,06/11/2025,10,42.24,EUR,NEW,2026-02-06 22:12:47
1464,2492,3,05/10/2025,9,42.04,EUR,NEW,2026-02-06 22:12:47
1465,2548,1,03/25/2025,2,35.62,CAD,NEW,2026-02-06 22:12:47
1466,1880,7,05/01/2025,6,64.84,USD,NEW,2026-02-06 22:12:47
1467,1041,4,01/27/2025,9,80.87,CAD,NEW,2026-02-06 22:12:47
1468,2980,9,01/10/2026,9,74.72,INR,NEW,2026-02-06 22:12:47
1469,633,1,08/25/2025,4,96.02,USD,NEW,2026-02-06 22:12:47
1470,2997,3,03/02/2025,1,26.44,CAD,NEW,2026-02-06 22:12:47
1471,2773,8,10/07/2025,2,83.40,CAD,NEW,2026-02-06 22:12:47
1472,1713,3,11/16/2025,1,47.51,EUR,NEW,2026-02-06 22:12:47
1473,1850,1,07/09/2025,5,98.46,USD,NEW,2026-02-06 22:12:47
1474,1531,9,05/25/2025,4,13.93,EUR,NEW,2026-02-06 22:12:47
1475,2501,7,01/05/2026,4,65.21,EUR,NEW,2026-02-06 22:12:47
1476,2098,8,10/23/2025,4,51.06,CAD,NEW,2026-02-06 22:12:47
1477,686,1,08/01/2025,8,4.72,EUR,NEW,2026-02-06 22:12:47
1478,2585,3,02/19/2025,9,43.00,INR,NEW,2026-02-06 22:12:47
1479,1114,6,03/16/2025,2,8.24,INR,NEW,2026-02-06 22:12:47
1480,1925,8,03/22/2025,8,34.57,USD,NEW,2026-02-06 22:12:47
1481,2811,4,09/07/2025,8,71.47,EUR,NEW,2026-02-06 22:12:47
1482,1726,4,08/28/2025,4,91.23,INR,NEW,2026-02-06 22:12:47
1483,2761,5,08/07/2025,5,81.59,EUR,NEW,2026-02-06 22:12:47
1484,534,1,04/20/2025,9,97.31,EUR,NEW,2026-02-06 22:12:47
1485,2693,10,11/07/2025,7,31.30,USD,NEW,2026-02-06 22:12:47
1486,96,6,01/03/2026,5,50.91,CAD,NEW,2026-02-06 22:12:47
1487,64,10,01/03/2025,10,86.43,CAD,NEW,2026-02-06 22:12:47
1488,845,5,09/29/2025,9,75.40,USD,NEW,2026-02-06 22:12:47
1489,677,10,11/21/2025,3,41.19,INR,NEW,2026-02-06 22:12:47
1490,1465,4,11/06/2025,9,53.16,INR,NEW,2026-02-06 22:12:47
1491,2435,4,08/04/2025,10,10.82,USD,NEW,2026-02-06 22:12:47
1492,358,6,03/30/2025,10,45.70,USD,NEW,2026-02-06 22:12:47
1493,1768,1,04/14/2025,7,77.74,CAD,NEW,2026-02-06 22:12:47
1494,391,2,04/09/2025,2,4.29,EUR,NEW,2026-02-06 22:12:47
1495,2258,6,09/16/2025,9,46.97,INR,NEW,2026-02-06 22:12:47
1496,2020,7,12/11/2025,1,74.23,CAD,NEW,2026-02-06 22:12:47
1497,1668,4,04/10/2025,4,51.24,INR,NEW,2026-02-06 22:12:47
1498,2600,1,01/14/2025,8,49.79,EUR,NEW,2026-02-06 22:12:47
1499,2647,6,09/22/2025,2,37.94,CAD,NEW,2026-02-06 22:12:47
1500,2722,1,05/01/2025,5,74.62,USD,NEW,2026-02-06 22:12:47
1501,883,8,06/23/2025,6,46.69,USD,NEW,2026-02-06 22:12:47
1502,2201,6,07/13/2025,2,99.76,EUR,NEW,2026-02-06 22:12:47
1503,1310,7,08/03/2025,5,67.01,EUR,NEW,2026-02-06 22:12:47
1504,1112,8,04/28/2025,7,52.12,CAD,NEW,2026-02-06 22:12:47
1505,2966,9,11/21/2025,1,83.08,USD,NEW,2026-02-06 22:12:47
1506,2816,6,03/16/2025,7,4.68,USD,NEW,2026-02-06 22:12:47
1507,1088,2,12/08/2025,2,50.49,INR,NEW,2026-02-06 22:12:47
1508,408,4,09/05/2025,5,82.84,EUR,NEW,2026-02-06 22:12:47
1509,500,1,08/03/2025,6,11.36,EUR,NEW,2026-02-06 22:12:47
1510,1914,4,01/13/2026,6,47.43,CAD,NEW,2026-02-06 22:12:47
1511,1232,3,07/23/2025,5,15.86,EUR,NEW,2026-02-06 22:12:47
1512,2466,1,05/21/2025,7,73.27,CAD,NEW,2026-02-06 22:12:47
1513,2,10,12/14/2025,10,10.62,EUR,NEW,2026-02-06 22:12:47
1514,2678,2,04/15/2025,6,79.38,USD,NEW,2026-02-06 22:12:47
1515,484,9,10/03/2025,2,94.10,USD,NEW,2026-02-06 22:12:47
1516,15,4,02/07/2025,3,48.88,USD,NEW,2026-02-06 22:12:47
1517,455,4,07/29/2025,4,71.01,USD,NEW,2026-02-06 22:12:47
1518,1695,10,05/24/2025,3,84.75,EUR,NEW,2026-02-06 22:12:47
1519,1029,7,07/16/2025,9,16.55,CAD,NEW,2026-02-06 22:12:47
1520,427,2,09/07/2025,10,31.37,EUR,NEW,2026-02-06 22:12:47
1521,1695,7,01/03/2025,9,6.00,CAD,NEW,2026-02-06 22:12:47
1522,202,10,03/23/2025,5,0.58,USD,NEW,2026-02-06 22:12:47
1523,2266,3,01/23/2025,9,29.65,INR,NEW,2026-02-06 22:12:47
1524,1203,9,08/09/2025,2,28.44,CAD,NEW,2026-02-06 22:12:47
1525,771,1,02/05/2025,1,5.01,CAD,NEW,2026-02-06 22:12:47
1526,1638,2,12/26/2025,10,48.91,INR,NEW,2026-02-06 22:12:47
1527,1393,2,09/02/2025,6,93.75,EUR,NEW,2026-02-06 22:12:47
1528,1271,9,05/20/2025,3,67.17,CAD,NEW,2026-02-06 22:12:47
1529,1028,7,12/18/2025,2,87.94,USD,NEW,2026-02-06 22:12:47
1530,1698,1,05/15/2025,5,63.19,USD,NEW,2026-02-06 22:12:47
1531,2131,7,10/03/2025,2,29.69,CAD,NEW,2026-02-06 22:12:47
1532,2429,6,10/03/2025,10,33.77,USD,NEW,2026-02-06 22:12:47
1533,2836,7,06/19/2025,10,19.22,USD,NEW,2026-02-06 22:12:47
1534,391,5,08/31/2025,2,7.08,EUR,NEW,2026-02-06 22:12:47
1535,2165,5,07/28/2025,2,87.19,EUR,NEW,2026-02-06 22:12:47
1536,1165,3,07/27/2025,7,64.38,EUR,NEW,2026-02-06 22:12:47
1537,2456,5,09/27/2025,4,37.85,CAD,NEW,2026-02-06 22:12:47
1538,1916,4,05/11/2025,4,24.08,USD,NEW,2026-02-06 22:12:47
1539,2620,10,04/21/2025,6,90.87,EUR,NEW,2026-02-06 22:12:47
1540,281,10,10/24/2025,9,82.22,USD,NEW,2026-02-06 22:12:47
1541,610,8,10/16/2025,6,69.78,EUR,NEW,2026-02-06 22:12:47
1542,1670,4,06/30/2025,10,33.54,EUR,NEW,2026-02-06 22:12:47
1543,2630,2,01/27/2025,9,44.30,CAD,NEW,2026-02-06 22:12:47
1544,904,1,06/04/2025,1,73.43,INR,NEW,2026-02-06 22:12:47
1545,1269,6,12/05/2025,4,57.62,INR,NEW,2026-02-06 22:12:47
1546,1405,6,04/04/2025,3,15.16,USD,NEW,2026-02-06 22:12:47
1547,291,3,11/04/2025,9,72.62,INR,NEW,2026-02-06 22:12:47
1548,795,8,03/31/2025,10,96.34,INR,NEW,2026-02-06 22:12:47
1549,1332,2,09/12/2025,5,62.63,INR,NEW,2026-02-06 22:12:47
1550,911,7,05/18/2025,7,36.46,EUR,NEW,2026-02-06 22:12:47
1551,2618,8,09/05/2025,6,57.78,INR,NEW,2026-02-06 22:12:47
1552,1720,1,10/18/2025,7,42.78,CAD,NEW,2026-02-06 22:12:47
1553,1121,8,10/23/2025,2,50.08,EUR,NEW,2026-02-06 22:12:47
1554,2082,7,05/23/2025,10,8.37,EUR,NEW,2026-02-06 22:12:47
1555,246,4,07/06/2025,1,77.92,CAD,NEW,2026-02-06 22:12:47
1556,9,4,12/03/2025,9,22.55,INR,NEW,2026-02-06 22:12:47
1557,672,3,08/09/2025,4,24.77,CAD,NEW,2026-02-06 22:12:47
1558,1148,6,05/21/2025,6,98.04,CAD,NEW,2026-02-06 22:12:47
1559,1388,2,02/22/2025,3,29.15,CAD,NEW,2026-02-06 22:12:47
1560,536,5,08/07/2025,7,89.10,EUR,NEW,2026-02-06 22:12:47
1561,642,3,09/12/2025,10,0.50,USD,NEW,2026-02-06 22:12:47
1562,1029,4,06/26/2025,7,47.91,EUR,NEW,2026-02-06 22:12:47
1563,2940,2,03/16/2025,2,88.00,CAD,NEW,2026-02-06 22:12:47
1564,342,8,02/19/2025,4,29.93,INR,NEW,2026-02-06 22:12:47
1565,2503,9,01/22/2025,4,56.52,CAD,NEW,2026-02-06 22:12:47
1566,782,3,09/28/2025,6,77.17,EUR,NEW,2026-02-06 22:12:47
1567,284,10,11/27/2025,4,75.82,INR,NEW,2026-02-06 22:12:47
1568,52,10,07/27/2025,1,80.24,CAD,NEW,2026-02-06 22:12:47
1569,2671,3,01/05/2026,3,62.38,EUR,NEW,2026-02-06 22:12:47
1570,687,10,03/06/2025,5,97.12,EUR,NEW,2026-02-06 22:12:47
1571,692,5,10/05/2025,8,78.85,CAD,NEW,2026-02-06 22:12:47
1572,1470,7,03/13/2025,7,34.42,CAD,NEW,2026-02-06 22:12:47
1573,963,3,06/29/2025,8,45.99,INR,NEW,2026-02-06 22:12:47
1574,1429,9,12/25/2025,7,68.57,INR,NEW,2026-02-06 22:12:47
1575,1202,4,10/04/2025,3,69.35,EUR,NEW,2026-02-06 22:12:47
1576,1107,2,04/25/2025,10,56.33,INR,NEW,2026-02-06 22:12:47
1577,1491,3,11/15/2025,4,26.70,INR,NEW,2026-02-06 22:12:47
1578,2639,4,01/16/2025,10,85.50,EUR,NEW,2026-02-06 22:12:47
1579,2210,4,06/13/2025,3,70.84,EUR,NEW,2026-02-06 22:12:47
1580,1464,4,10/02/2025,5,90.33,CAD,NEW,2026-02-06 22:12:47
1581,2099,2,05/19/2025,2,25.58,USD,NEW,2026-02-06 22:12:47
1582,2336,10,08/12/2025,1,56.81,EUR,NEW,2026-02-06 22:12:47
1583,2712,8,11/02/2025,9,24.53,INR,NEW,2026-02-06 22:12:47
1584,1132,10,12/25/2025,8,56.89,CAD,NEW,2026-02-06 22:12:47
1585,1471,8,01/25/2025,9,80.02,USD,NEW,2026-02-06 22:12:47
1586,1332,4,09/26/2025,8,39.21,EUR,NEW,2026-02-06 22:12:47
1587,2993,7,10/21/2025,3,25.16,EUR,NEW,2026-02-06 22:12:47
1588,2924,8,07/08/2025,1,4.32,CAD,NEW,2026-02-06 22:12:47
1589,932,5,07/23/2025,1,65.82,USD,NEW,2026-02-06 22:12:47
1590,2546,1,12/24/2025,6,76.44,INR,NEW,2026-02-06 22:12:47
1591,2514,5,03/31/2025,1,23.96,EUR,NEW,2026-02-06 22:12:47
1592,2516,3,01/19/2025,8,55.71,EUR,NEW,2026-02-06 22:12:47
1593,1445,7,05/05/2025,10,18.61,EUR,NEW,2026-02-06 22:12:47
1594,50,7,10/28/2025,6,54.69,EUR,NEW,2026-02-06 22:12:47
1595,2078,9,02/09/2025,4,8.03,CAD,NEW,2026-02-06 22:12:47
1596,2515,4,12/24/2025,5,99.30,INR,NEW,2026-02-06 22:12:47
1597,2105,4,06/13/2025,5,84.97,INR,NEW,2026-02-06 22:12:47
1598,920,8,12/30/2025,4,45.47,INR,NEW,2026-02-06 22:12:47
1599,2035,7,04/20/2025,4,5.61,EUR,NEW,2026-02-06 22:12:47
1600,1713,5,04/26/2025,8,83.40,EUR,NEW,2026-02-06 22:12:47
1601,773,2,09/07/2025,5,64.90,USD,NEW,2026-02-06 22:12:47
1602,1321,4,01/11/2025,3,4.98,EUR,NEW,2026-02-06 22:12:47
1603,1825,10,04/27/2025,2,37.57,INR,NEW,2026-02-06 22:12:47
1604,2236,4,03/15/2025,2,87.47,INR,NEW,2026-02-06 22:12:47
1605,859,3,01/07/2026,9,47.51,EUR,NEW,2026-02-06 22:12:47
1606,1395,1,01/07/2025,7,82.26,USD,NEW,2026-02-06 22:12:47
1607,503,9,03/07/2025,10,53.22,USD,NEW,2026-02-06 22:12:47
1608,1264,8,12/21/2025,6,85.57,EUR,NEW,2026-02-06 22:12:47
1609,1830,10,09/23/2025,7,53.74,EUR,NEW,2026-02-06 22:12:47
1610,1960,7,05/02/2025,6,43.32,EUR,NEW,2026-02-06 22:12:47
1611,327,8,03/03/2025,9,98.13,USD,NEW,2026-02-06 22:12:47
1612,2100,9,07/11/2025,8,93.32,USD,NEW,2026-02-06 22:12:47
1613,2412,8,05/28/2025,5,55.15,CAD,NEW,2026-02-06 22:12:47
1614,2925,1,09/05/2025,2,85.90,CAD,NEW,2026-02-06 22:12:47
1615,306,5,08/13/2025,2,37.31,INR,NEW,2026-02-06 22:12:47
1616,657,9,01/05/2026,7,82.19,INR,NEW,2026-02-06 22:12:47
1617,1437,10,05/30/2025,2,68.91,USD,NEW,2026-02-06 22:12:47
1618,2497,7,03/22/2025,9,11.77,USD,NEW,2026-02-06 22:12:47
1619,684,10,07/17/2025,5,17.29,USD,NEW,2026-02-06 22:12:47
1620,2375,8,01/28/2025,2,76.74,CAD,NEW,2026-02-06 22:12:47
1621,1218,4,10/27/2025,9,49.94,CAD,NEW,2026-02-06 22:12:47
1622,889,9,05/02/2025,3,89.44,CAD,NEW,2026-02-06 22:12:47
1623,1743,8,05/25/2025,3,3.70,USD,NEW,2026-02-06 22:12:47
1624,1804,5,09/17/2025,6,18.92,CAD,NEW,2026-02-06 22:12:47
1625,1047,6,10/12/2025,8,32.01,USD,NEW,2026-02-06 22:12:47
1626,815,7,06/17/2025,9,28.86,EUR,NEW,2026-02-06 22:12:47
1627,1622,3,01/26/2025,4,27.06,USD,NEW,2026-02-06 22:12:47
1628,32,6,07/14/2025,10,88.23,INR,NEW,2026-02-06 22:12:47
1629,251,9,01/01/2025,4,92.19,USD,NEW,2026-02-06 22:12:47
1630,2364,7,10/17/2025,4,37.70,CAD,NEW,2026-02-06 22:12:47
1631,261,10,09/12/2025,9,65.13,EUR,NEW,2026-02-06 22:12:47
1632,38,7,05/14/2025,10,48.06,EUR,NEW,2026-02-06 22:12:47
1633,1452,5,06/24/2025,3,40.12,EUR,NEW,2026-02-06 22:12:47
1634,1704,9,09/20/2025,3,44.92,USD,NEW,2026-02-06 22:12:47
1635,423,7,01/29/2025,9,25.97,CAD,NEW,2026-02-06 22:12:47
1636,677,3,11/10/2025,6,74.16,USD,NEW,2026-02-06 22:12:47
1637,2236,7,05/14/2025,9,54.12,CAD,NEW,2026-02-06 22:12:47
1638,888,5,06/29/2025,9,65.37,EUR,NEW,2026-02-06 22:12:47
1639,2817,10,09/04/2025,3,90.28,USD,NEW,2026-02-06 22:12:47
1640,2145,3,06/16/2025,5,86.76,CAD,NEW,2026-02-06 22:12:47
1641,2749,10,10/14/2025,10,64.31,CAD,NEW,2026-02-06 22:12:47
1642,1051,9,04/20/2025,2,87.17,CAD,NEW,2026-02-06 22:12:47
1643,2875,2,01/09/2025,9,99.32,USD,NEW,2026-02-06 22:12:47
1644,852,6,05/12/2025,8,75.03,CAD,NEW,2026-02-06 22:12:47
1645,2767,3,06/30/2025,6,18.67,INR,NEW,2026-02-06 22:12:47
1646,1821,1,07/09/2025,8,37.72,EUR,NEW,2026-02-06 22:12:47
1647,1512,7,02/13/2025,10,43.70,EUR,NEW,2026-02-06 22:12:47
1648,231,5,11/03/2025,5,19.32,CAD,NEW,2026-02-06 22:12:47
1649,237,2,09/06/2025,5,95.14,EUR,NEW,2026-02-06 22:12:47
1650,2467,8,09/02/2025,3,77.69,INR,NEW,2026-02-06 22:12:47
1651,1300,4,10/05/2025,9,47.22,USD,NEW,2026-02-06 22:12:47
1652,2424,4,08/05/2025,2,15.47,CAD,NEW,2026-02-06 22:12:47
1653,1104,3,10/07/2025,6,26.35,EUR,NEW,2026-02-06 22:12:47
1654,841,7,11/04/2025,4,17.07,INR,NEW,2026-02-06 22:12:47
1655,1673,7,11/05/2025,7,45.10,CAD,NEW,2026-02-06 22:12:47
1656,1824,2,05/07/2025,2,64.13,USD,NEW,2026-02-06 22:12:47
1657,2407,4,11/16/2025,7,56.41,CAD,NEW,2026-02-06 22:12:47
1658,2990,8,12/26/2025,3,20.67,CAD,NEW,2026-02-06 22:12:47
1659,1882,8,11/13/2025,4,13.45,CAD,NEW,2026-02-06 22:12:47
1660,158,4,05/15/2025,10,71.59,EUR,NEW,2026-02-06 22:12:47
1661,361,10,10/12/2025,10,29.23,CAD,NEW,2026-02-06 22:12:47
1662,2068,2,09/18/2025,10,98.06,USD,NEW,2026-02-06 22:12:47
1663,994,2,01/30/2025,3,70.70,USD,NEW,2026-02-06 22:12:47
1664,1563,6,04/04/2025,2,43.11,USD,NEW,2026-02-06 22:12:47
1665,2246,3,12/18/2025,8,53.90,CAD,NEW,2026-02-06 22:12:47
1666,2159,10,03/26/2025,5,15.65,INR,NEW,2026-02-06 22:12:47
1667,1500,6,02/08/2025,5,89.14,INR,NEW,2026-02-06 22:12:47
1668,100,9,05/02/2025,6,70.62,INR,NEW,2026-02-06 22:12:47
1669,2094,8,12/27/2025,3,24.85,EUR,NEW,2026-02-06 22:12:47
1670,2094,3,07/18/2025,8,9.50,USD,NEW,2026-02-06 22:12:47
1671,2088,8,01/21/2025,10,91.75,EUR,NEW,2026-02-06 22:12:47
1672,1411,5,01/03/2025,1,47.53,CAD,NEW,2026-02-06 22:12:47
1673,2586,4,10/05/2025,4,51.28,USD,NEW,2026-02-06 22:12:47
1674,2820,5,01/08/2026,8,93.99,CAD,NEW,2026-02-06 22:12:47
1675,452,1,06/08/2025,1,55.64,USD,NEW,2026-02-06 22:12:47
1676,1909,8,07/05/2025,8,29.51,USD,NEW,2026-02-06 22:12:47
1677,1226,3,11/01/2025,10,38.12,INR,NEW,2026-02-06 22:12:47
1678,1252,3,07/17/2025,4,27.58,INR,NEW,2026-02-06 22:12:47
1679,2841,10,10/04/2025,4,55.52,CAD,NEW,2026-02-06 22:12:47
1680,6,5,01/31/2025,1,27.67,CAD,NEW,2026-02-06 22:12:47
1681,1835,4,01/31/2025,10,98.69,CAD,NEW,2026-02-06 22:12:47
1682,1271,5,02/14/2025,2,95.42,INR,NEW,2026-02-06 22:12:47
1683,935,5,10/13/2025,6,42.24,CAD,NEW,2026-02-06 22:12:47
1684,577,4,08/29/2025,3,98.16,CAD,NEW,2026-02-06 22:12:47
1685,2678,6,04/13/2025,9,42.10,CAD,NEW,2026-02-06 22:12:47
1686,2810,5,09/11/2025,3,83.02,CAD,NEW,2026-02-06 22:12:47
1687,2160,10,12/13/2025,5,80.95,INR,NEW,2026-02-06 22:12:47
1688,2361,2,07/20/2025,4,24.03,CAD,NEW,2026-02-06 22:12:47
1689,331,10,01/02/2025,9,35.77,CAD,NEW,2026-02-06 22:12:47
1690,1655,10,07/17/2025,2,29.10,EUR,NEW,2026-02-06 22:12:47
1691,2605,1,01/12/2026,4,27.17,INR,NEW,2026-02-06 22:12:47
1692,1060,7,10/05/2025,2,42.36,EUR,NEW,2026-02-06 22:12:47
1693,1461,7,03/20/2025,8,20.22,USD,NEW,2026-02-06 22:12:47
1694,2373,7,05/04/2025,8,60.38,EUR,NEW,2026-02-06 22:12:47
1695,1641,5,08/08/2025,6,52.00,INR,NEW,2026-02-06 22:12:47
1696,2640,4,06/24/2025,9,74.75,INR,NEW,2026-02-06 22:12:47
1697,1081,2,12/23/2025,9,85.87,EUR,NEW,2026-02-06 22:12:47
1698,2169,3,04/03/2025,5,66.45,INR,NEW,2026-02-06 22:12:47
1699,2713,3,12/11/2025,6,25.23,EUR,NEW,2026-02-06 22:12:47
1700,1694,3,02/28/2025,10,53.84,CAD,NEW,2026-02-06 22:12:47
1701,334,6,08/31/2025,8,30.68,CAD,NEW,2026-02-06 22:12:47
1702,1725,7,01/06/2025,9,46.67,INR,NEW,2026-02-06 22:12:47
1703,2212,5,12/29/2025,3,62.60,EUR,NEW,2026-02-06 22:12:47
1704,1659,10,10/14/2025,4,76.85,CAD,NEW,2026-02-06 22:12:47
1705,2282,5,10/03/2025,9,38.93,INR,NEW,2026-02-06 22:12:47
1706,1760,9,01/25/2025,9,23.74,USD,NEW,2026-02-06 22:12:47
1707,11,3,04/13/2025,4,96.76,EUR,NEW,2026-02-06 22:12:47
1708,135,7,06/15/2025,1,44.64,INR,NEW,2026-02-06 22:12:47
1709,2027,3,01/21/2025,6,89.12,EUR,NEW,2026-02-06 22:12:47
1710,1331,8,07/24/2025,2,34.67,EUR,NEW,2026-02-06 22:12:47
1711,991,10,06/14/2025,8,25.96,CAD,NEW,2026-02-06 22:12:47
1712,226,9,12/30/2025,8,73.05,USD,NEW,2026-02-06 22:12:47
1713,2704,9,07/31/2025,3,40.34,INR,NEW,2026-02-06 22:12:47
1714,2807,5,02/03/2025,5,3.09,USD,NEW,2026-02-06 22:12:47
1715,1536,4,02/16/2025,4,29.81,EUR,NEW,2026-02-06 22:12:47
1716,321,4,10/06/2025,1,4.00,CAD,NEW,2026-02-06 22:12:47
1717,2392,3,04/02/2025,3,46.01,EUR,NEW,2026-02-06 22:12:47
1718,2490,10,10/09/2025,10,50.78,EUR,NEW,2026-02-06 22:12:47
1719,1365,3,12/27/2025,5,87.03,INR,NEW,2026-02-06 22:12:47
1720,2623,3,10/31/2025,1,57.86,CAD,NEW,2026-02-06 22:12:47
1721,2392,7,10/21/2025,9,78.97,EUR,NEW,2026-02-06 22:12:47
1722,2713,10,04/21/2025,10,79.09,USD,NEW,2026-02-06 22:12:47
1723,2878,9,08/07/2025,9,90.82,USD,NEW,2026-02-06 22:12:47
1724,1565,2,01/20/2025,9,33.47,EUR,NEW,2026-02-06 22:12:47
1725,198,10,07/26/2025,10,28.52,USD,NEW,2026-02-06 22:12:47
1726,371,6,12/09/2025,4,64.68,CAD,NEW,2026-02-06 22:12:47
1727,2551,6,08/19/2025,3,43.42,EUR,NEW,2026-02-06 22:12:47
1728,323,9,07/07/2025,6,77.04,INR,NEW,2026-02-06 22:12:47
1729,220,9,07/27/2025,5,87.24,USD,NEW,2026-02-06 22:12:47
1730,1696,8,12/17/2025,2,84.21,USD,NEW,2026-02-06 22:12:47
1731,2686,6,09/22/2025,9,67.94,EUR,NEW,2026-02-06 22:12:47
1732,1099,2,10/04/2025,8,76.03,EUR,NEW,2026-02-06 22:12:47
1733,43,9,04/13/2025,6,24.94,CAD,NEW,2026-02-06 22:12:47
1734,54,7,11/27/2025,1,74.27,EUR,NEW,2026-02-06 22:12:47
1735,1148,3,02/08/2025,4,95.85,CAD,NEW,2026-02-06 22:12:47
1736,2504,8,08/30/2025,10,57.29,CAD,NEW,2026-02-06 22:12:47
1737,1050,7,02/13/2025,8,83.15,USD,NEW,2026-02-06 22:12:47
1738,2619,1,02/10/2025,2,27.90,USD,NEW,2026-02-06 22:12:47
1739,769,6,06/09/2025,7,64.21,EUR,NEW,2026-02-06 22:12:47
1740,2320,4,05/31/2025,2,48.00,USD,NEW,2026-02-06 22:12:47
1741,2239,4,04/07/2025,7,77.22,EUR,NEW,2026-02-06 22:12:47
1742,2243,2,08/28/2025,8,75.63,USD,NEW,2026-02-06 22:12:47
1743,1027,10,05/25/2025,2,52.94,INR,NEW,2026-02-06 22:12:47
1744,2501,7,07/08/2025,4,40.01,INR,NEW,2026-02-06 22:12:47
1745,1630,1,11/11/2025,6,26.04,CAD,NEW,2026-02-06 22:12:47
1746,2548,3,12/23/2025,9,71.41,EUR,NEW,2026-02-06 22:12:47
1747,1503,9,07/19/2025,3,86.09,CAD,NEW,2026-02-06 22:12:47
1748,222,10,03/22/2025,2,47.41,INR,NEW,2026-02-06 22:12:47
1749,1869,4,05/29/2025,6,72.74,EUR,NEW,2026-02-06 22:12:47
1750,1357,8,09/05/2025,8,69.88,CAD,NEW,2026-02-06 22:12:47
1751,1481,4,05/02/2025,2,23.06,INR,NEW,2026-02-06 22:12:47
1752,2759,7,06/15/2025,5,45.38,EUR,NEW,2026-02-06 22:12:47
1753,1465,9,02/09/2025,6,69.79,CAD,NEW,2026-02-06 22:12:47
1754,2311,4,09/04/2025,4,72.88,CAD,NEW,2026-02-06 22:12:47
1755,2371,1,02/28/2025,2,62.76,EUR,NEW,2026-02-06 22:12:47
1756,2764,2,11/01/2025,7,46.66,CAD,NEW,2026-02-06 22:12:47
1757,1795,1,07/10/2025,5,53.99,EUR,NEW,2026-02-06 22:12:47
1758,464,3,04/13/2025,8,72.84,EUR,NEW,2026-02-06 22:12:47
1759,754,2,01/24/2025,10,97.40,EUR,NEW,2026-02-06 22:12:47
1760,2200,1,01/22/2025,8,24.13,EUR,NEW,2026-02-06 22:12:47
1761,158,8,04/17/2025,5,96.64,EUR,NEW,2026-02-06 22:12:47
1762,396,3,07/09/2025,3,57.53,INR,NEW,2026-02-06 22:12:47
1763,1535,8,08/17/2025,4,37.31,CAD,NEW,2026-02-06 22:12:47
1764,1096,2,12/26/2025,9,50.07,CAD,NEW,2026-02-06 22:12:47
1765,2099,10,01/28/2025,9,89.63,INR,NEW,2026-02-06 22:12:47
1766,771,5,06/02/2025,7,50.21,CAD,NEW,2026-02-06 22:12:47
1767,839,5,12/07/2025,8,71.42,USD,NEW,2026-02-06 22:12:47
1768,2688,3,03/16/2025,8,90.02,USD,NEW,2026-02-06 22:12:47
1769,1662,9,09/01/2025,4,38.92,EUR,NEW,2026-02-06 22:12:47
1770,1961,3,11/12/2025,8,63.64,EUR,NEW,2026-02-06 22:12:47
1771,1592,4,09/13/2025,2,69.76,INR,NEW,2026-02-06 22:12:47
1772,1567,2,04/30/2025,6,56.80,USD,NEW,2026-02-06 22:12:47
1773,911,6,11/30/2025,7,12.59,USD,NEW,2026-02-06 22:12:47
1774,1854,9,02/22/2025,2,0.31,USD,NEW,2026-02-06 22:12:47
1775,2853,9,11/28/2025,4,65.10,USD,NEW,2026-02-06 22:12:47
1776,704,8,10/15/2025,4,35.09,INR,NEW,2026-02-06 22:12:47
1777,2209,4,06/17/2025,10,8.08,EUR,NEW,2026-02-06 22:12:47
1778,1023,8,01/02/2026,7,0.35,USD,NEW,2026-02-06 22:12:47
1779,1167,8,09/01/2025,9,18.42,USD,NEW,2026-02-06 22:12:47
1780,2288,5,07/09/2025,9,83.48,CAD,NEW,2026-02-06 22:12:47
1781,2131,8,10/11/2025,7,96.42,USD,NEW,2026-02-06 22:12:47
1782,2993,5,02/04/2025,1,10.60,USD,NEW,2026-02-06 22:12:47
1783,1654,5,02/02/2025,4,33.81,CAD,NEW,2026-02-06 22:12:47
1784,751,4,08/29/2025,3,66.11,INR,NEW,2026-02-06 22:12:47
1785,1074,2,10/23/2025,7,26.19,INR,NEW,2026-02-06 22:12:47
1786,486,2,09/24/2025,4,41.84,CAD,NEW,2026-02-06 22:12:47
1787,2854,8,01/11/2025,3,12.04,CAD,NEW,2026-02-06 22:12:47
1788,544,4,01/11/2026,10,74.14,CAD,NEW,2026-02-06 22:12:47
1789,2068,1,05/15/2025,8,59.17,USD,NEW,2026-02-06 22:12:47
1790,1428,5,03/10/2025,6,9.94,INR,NEW,2026-02-06 22:12:47
1791,2553,4,08/17/2025,1,13.71,EUR,NEW,2026-02-06 22:12:47
1792,96,8,01/02/2026,1,92.22,USD,NEW,2026-02-06 22:12:47
1793,1850,8,04/09/2025,8,47.64,CAD,NEW,2026-02-06 22:12:47
1794,2005,3,11/27/2025,1,92.20,INR,NEW,2026-02-06 22:12:47
1795,1773,4,04/23/2025,10,41.27,INR,NEW,2026-02-06 22:12:47
1796,1924,3,01/05/2026,5,36.07,CAD,NEW,2026-02-06 22:12:47
1797,2904,8,08/23/2025,2,81.05,INR,NEW,2026-02-06 22:12:47
1798,1055,4,04/17/2025,9,54.41,INR,NEW,2026-02-06 22:12:47
1799,905,5,06/16/2025,3,47.72,EUR,NEW,2026-02-06 22:12:47
1800,2808,7,09/04/2025,9,66.04,USD,NEW,2026-02-06 22:12:47
1801,1379,10,04/02/2025,3,9.99,EUR,NEW,2026-02-06 22:12:47
1802,1888,9,05/02/2025,6,91.60,USD,NEW,2026-02-06 22:12:47
1803,895,7,10/20/2025,1,80.22,CAD,NEW,2026-02-06 22:12:47
1804,2632,4,04/23/2025,7,12.20,USD,NEW,2026-02-06 22:12:47
1805,1470,1,01/04/2025,9,16.06,USD,NEW,2026-02-06 22:12:47
1806,1858,7,04/19/2025,4,78.84,INR,NEW,2026-02-06 22:12:47
1807,1388,1,05/03/2025,9,4.56,USD,NEW,2026-02-06 22:12:47
1808,1690,10,04/21/2025,10,21.28,INR,NEW,2026-02-06 22:12:47
1809,1482,9,09/06/2025,8,26.89,CAD,NEW,2026-02-06 22:12:47
1810,1101,9,05/16/2025,9,41.88,EUR,NEW,2026-02-06 22:12:47
1811,2536,3,01/05/2026,10,54.10,USD,NEW,2026-02-06 22:12:47
1812,1001,8,11/24/2025,10,79.09,EUR,NEW,2026-02-06 22:12:47
1813,31,5,02/06/2025,2,16.48,USD,NEW,2026-02-06 22:12:47
1814,2201,10,01/03/2025,5,74.91,USD,NEW,2026-02-06 22:12:47
1815,45,9,04/20/2025,1,32.60,CAD,NEW,2026-02-06 22:12:47
1816,1316,3,01/06/2025,5,42.27,CAD,NEW,2026-02-06 22:12:47
1817,1181,2,08/30/2025,3,92.25,USD,NEW,2026-02-06 22:12:47
1818,622,4,08/01/2025,4,11.01,USD,NEW,2026-02-06 22:12:47
1819,2734,1,01/15/2025,10,63.01,USD,NEW,2026-02-06 22:12:47
1820,648,5,01/15/2025,8,33.65,INR,NEW,2026-02-06 22:12:47
1821,294,10,10/22/2025,10,36.49,INR,NEW,2026-02-06 22:12:47
1822,593,3,09/26/2025,4,60.29,USD,NEW,2026-02-06 22:12:47
1823,1999,7,09/08/2025,9,92.78,EUR,NEW,2026-02-06 22:12:47
1824,1305,4,04/18/2025,6,28.14,CAD,NEW,2026-02-06 22:12:47
1825,2814,9,06/25/2025,3,11.49,USD,NEW,2026-02-06 22:12:47
1826,1681,10,12/04/2025,1,35.16,CAD,NEW,2026-02-06 22:12:47
1827,2749,4,09/13/2025,7,0.94,INR,NEW,2026-02-06 22:12:47
1828,2844,10,07/25/2025,7,28.84,INR,NEW,2026-02-06 22:12:47
1829,494,7,08/10/2025,2,31.83,CAD,NEW,2026-02-06 22:12:47
1830,2115,5,05/15/2025,1,26.59,USD,NEW,2026-02-06 22:12:47
1831,1289,5,02/21/2025,6,20.47,INR,NEW,2026-02-06 22:12:47
1832,1454,5,06/08/2025,4,72.66,EUR,NEW,2026-02-06 22:12:47
1833,2739,10,07/07/2025,2,28.44,CAD,NEW,2026-02-06 22:12:47
1834,115,7,11/10/2025,8,97.09,USD,NEW,2026-02-06 22:12:47
1835,2259,1,08/08/2025,2,34.29,INR,NEW,2026-02-06 22:12:47
1836,1971,1,01/03/2025,1,6.33,CAD,NEW,2026-02-06 22:12:47
1837,116,9,08/13/2025,6,47.17,INR,NEW,2026-02-06 22:12:47
1838,2405,1,10/21/2025,6,6.18,CAD,NEW,2026-02-06 22:12:47
1839,536,5,08/09/2025,4,73.12,CAD,NEW,2026-02-06 22:12:47
1840,16,9,10/28/2025,3,19.06,EUR,NEW,2026-02-06 22:12:47
1841,580,9,04/20/2025,5,77.50,CAD,NEW,2026-02-06 22:12:47
1842,1506,1,04/23/2025,4,56.96,EUR,NEW,2026-02-06 22:12:47
1843,944,10,09/07/2025,4,76.87,USD,NEW,2026-02-06 22:12:47
1844,97,2,08/05/2025,5,74.87,EUR,NEW,2026-02-06 22:12:47
1845,1943,1,04/17/2025,3,61.46,INR,NEW,2026-02-06 22:12:47
1846,1995,8,11/04/2025,3,66.38,INR,NEW,2026-02-06 22:12:47
1847,2134,10,12/05/2025,4,13.94,USD,NEW,2026-02-06 22:12:47
1848,2509,6,03/04/2025,5,74.97,INR,NEW,2026-02-06 22:12:47
1849,2654,10,01/08/2026,2,45.99,INR,NEW,2026-02-06 22:12:47
1850,286,6,08/31/2025,7,36.97,EUR,NEW,2026-02-06 22:12:47
1851,2922,6,11/30/2025,8,36.73,USD,NEW,2026-02-06 22:12:47
1852,2358,9,07/11/2025,6,10.59,INR,NEW,2026-02-06 22:12:47
1853,2255,7,08/29/2025,3,55.12,CAD,NEW,2026-02-06 22:12:47
1854,2564,8,10/09/2025,9,44.62,CAD,NEW,2026-02-06 22:12:47
1855,197,7,12/16/2025,1,42.45,USD,NEW,2026-02-06 22:12:47
1856,1218,6,11/02/2025,9,89.20,CAD,NEW,2026-02-06 22:12:47
1857,469,9,10/02/2025,1,66.11,USD,NEW,2026-02-06 22:12:47
1858,787,4,01/05/2026,4,35.74,EUR,NEW,2026-02-06 22:12:47
1859,1421,4,01/02/2025,9,47.61,CAD,NEW,2026-02-06 22:12:47
1860,2055,2,12/31/2025,3,49.76,EUR,NEW,2026-02-06 22:12:47
1861,80,5,01/25/2025,6,45.18,USD,NEW,2026-02-06 22:12:47
1862,2545,4,03/29/2025,9,30.50,EUR,NEW,2026-02-06 22:12:47
1863,2186,2,09/14/2025,4,66.25,EUR,NEW,2026-02-06 22:12:47
1864,1597,4,01/23/2025,4,2.33,EUR,NEW,2026-02-06 22:12:47
1865,2847,1,06/19/2025,9,44.70,EUR,NEW,2026-02-06 22:12:47
1866,659,3,08/15/2025,9,54.03,INR,NEW,2026-02-06 22:12:47
1867,2853,1,07/15/2025,7,20.16,INR,NEW,2026-02-06 22:12:47
1868,1977,6,06/16/2025,6,65.37,INR,NEW,2026-02-06 22:12:47
1869,307,2,09/29/2025,3,60.48,USD,NEW,2026-02-06 22:12:47
1870,711,1,03/23/2025,1,20.52,USD,NEW,2026-02-06 22:12:47
1871,1769,10,09/03/2025,7,52.54,USD,NEW,2026-02-06 22:12:47
1872,64,2,03/27/2025,3,69.06,CAD,NEW,2026-02-06 22:12:47
1873,1682,7,05/16/2025,7,59.10,CAD,NEW,2026-02-06 22:12:47
1874,1539,4,06/23/2025,4,49.16,EUR,NEW,2026-02-06 22:12:47
1875,1102,2,11/11/2025,5,41.45,EUR,NEW,2026-02-06 22:12:47
1876,2824,3,12/06/2025,2,66.14,INR,NEW,2026-02-06 22:12:47
1877,2081,7,10/13/2025,8,48.54,USD,NEW,2026-02-06 22:12:47
1878,2562,5,12/05/2025,9,36.64,CAD,NEW,2026-02-06 22:12:47
1879,1239,4,04/02/2025,3,62.75,EUR,NEW,2026-02-06 22:12:47
1880,1002,3,09/21/2025,6,40.94,EUR,NEW,2026-02-06 22:12:47
1881,1858,10,05/26/2025,5,69.94,EUR,NEW,2026-02-06 22:12:47
1882,2397,4,03/30/2025,4,97.87,EUR,NEW,2026-02-06 22:12:47
1883,35,3,05/26/2025,8,42.72,CAD,NEW,2026-02-06 22:12:47
1884,1159,3,07/19/2025,6,35.94,EUR,NEW,2026-02-06 22:12:47
1885,2038,10,09/01/2025,2,57.50,USD,NEW,2026-02-06 22:12:47
1886,2456,5,08/20/2025,10,64.54,INR,NEW,2026-02-06 22:12:47
1887,1178,8,11/17/2025,1,32.37,INR,NEW,2026-02-06 22:12:47
1888,199,1,03/29/2025,8,72.64,USD,NEW,2026-02-06 22:12:47
1889,1231,3,08/18/2025,7,37.64,USD,NEW,2026-02-06 22:12:47
1890,690,7,05/09/2025,9,20.91,INR,NEW,2026-02-06 22:12:47
1891,2135,8,06/02/2025,9,85.41,EUR,NEW,2026-02-06 22:12:47
1892,2135,10,04/23/2025,5,0.37,EUR,NEW,2026-02-06 22:12:47
1893,2208,1,08/02/2025,8,64.10,CAD,NEW,2026-02-06 22:12:47
1894,1255,2,10/27/2025,6,3.70,USD,NEW,2026-02-06 22:12:47
1895,2584,8,02/08/2025,4,92.24,EUR,NEW,2026-02-06 22:12:47
1896,2107,5,02/05/2025,4,81.70,USD,NEW,2026-02-06 22:12:47
1897,1288,1,06/26/2025,4,93.37,CAD,NEW,2026-02-06 22:12:47
1898,2094,8,11/09/2025,8,63.03,INR,NEW,2026-02-06 22:12:47
1899,2444,5,09/30/2025,7,4.98,USD,NEW,2026-02-06 22:12:47
1900,1256,3,04/17/2025,7,45.78,INR,NEW,2026-02-06 22:12:47
1901,2134,10,11/22/2025,7,57.17,EUR,NEW,2026-02-06 22:12:47
1902,2337,7,06/21/2025,9,33.35,CAD,NEW,2026-02-06 22:12:47
1903,1772,1,02/02/2025,7,0.12,INR,NEW,2026-02-06 22:12:47
1904,400,10,10/07/2025,3,94.61,INR,NEW,2026-02-06 22:12:47
1905,676,6,04/26/2025,7,30.63,CAD,NEW,2026-02-06 22:12:47
1906,1921,2,02/14/2025,6,98.44,CAD,NEW,2026-02-06 22:12:47
1907,1569,2,08/01/2025,7,90.70,EUR,NEW,2026-02-06 22:12:47
1908,343,4,07/30/2025,10,54.06,CAD,NEW,2026-02-06 22:12:47
1909,2584,5,10/27/2025,6,32.23,CAD,NEW,2026-02-06 22:12:47
1910,1323,10,08/06/2025,10,80.12,EUR,NEW,2026-02-06 22:12:47
1911,2181,5,10/08/2025,7,79.64,EUR,NEW,2026-02-06 22:12:47
1912,2455,2,05/30/2025,9,94.37,EUR,NEW,2026-02-06 22:12:47
1913,534,1,09/08/2025,9,98.02,CAD,NEW,2026-02-06 22:12:47
1914,236,1,10/25/2025,10,95.93,INR,NEW,2026-02-06 22:12:47
1915,2782,9,11/25/2025,5,53.96,USD,NEW,2026-02-06 22:12:47
1916,2177,7,02/17/2025,9,32.63,EUR,NEW,2026-02-06 22:12:47
1917,2503,3,03/11/2025,10,51.42,INR,NEW,2026-02-06 22:12:47
1918,2267,1,07/24/2025,7,67.68,INR,NEW,2026-02-06 22:12:47
1919,549,6,06/29/2025,2,78.54,CAD,NEW,2026-02-06 22:12:47
1920,2457,2,07/29/2025,5,80.22,USD,NEW,2026-02-06 22:12:47
1921,2309,8,06/29/2025,6,35.78,CAD,NEW,2026-02-06 22:12:47
1922,1465,4,02/17/2025,7,74.11,CAD,NEW,2026-02-06 22:12:47
1923,895,1,02/02/2025,6,54.72,USD,NEW,2026-02-06 22:12:47
1924,1428,10,06/09/2025,4,15.77,USD,NEW,2026-02-06 22:12:47
1925,423,7,06/23/2025,9,51.20,USD,NEW,2026-02-06 22:12:47
1926,1181,2,12/28/2025,4,54.72,INR,NEW,2026-02-06 22:12:47
1927,1668,8,01/12/2025,7,11.06,USD,NEW,2026-02-06 22:12:47
1928,2207,3,12/24/2025,9,20.56,CAD,NEW,2026-02-06 22:12:47
1929,866,5,11/18/2025,6,38.31,INR,NEW,2026-02-06 22:12:47
1930,1953,3,01/28/2025,3,24.85,CAD,NEW,2026-02-06 22:12:47
1931,2344,10,07/09/2025,5,96.29,INR,NEW,2026-02-06 22:12:47
1932,1269,4,11/27/2025,5,3.37,INR,NEW,2026-02-06 22:12:47
1933,1333,6,08/08/2025,7,34.20,USD,NEW,2026-02-06 22:12:47
1934,2020,7,11/04/2025,8,55.98,CAD,NEW,2026-02-06 22:12:47
1935,1199,6,10/06/2025,8,34.81,EUR,NEW,2026-02-06 22:12:47
1936,517,9,12/06/2025,3,96.91,USD,NEW,2026-02-06 22:12:47
1937,2726,7,01/01/2025,9,40.16,INR,NEW,2026-02-06 22:12:47
1938,854,8,09/01/2025,10,2.98,INR,NEW,2026-02-06 22:12:47
1939,2651,8,06/13/2025,10,10.32,INR,NEW,2026-02-06 22:12:47
1940,2894,4,07/26/2025,9,7.49,EUR,NEW,2026-02-06 22:12:47
1941,2282,8,10/29/2025,7,75.94,USD,NEW,2026-02-06 22:12:47
1942,2106,3,12/02/2025,1,87.92,USD,NEW,2026-02-06 22:12:47
1943,2012,10,10/11/2025,3,74.56,INR,NEW,2026-02-06 22:12:47
1944,1358,8,06/29/2025,5,25.08,INR,NEW,2026-02-06 22:12:47
1945,1865,1,07/06/2025,1,39.80,USD,NEW,2026-02-06 22:12:47
1946,304,4,10/01/2025,3,29.67,INR,NEW,2026-02-06 22:12:47
1947,948,9,01/14/2025,6,57.73,EUR,NEW,2026-02-06 22:12:47
1948,2488,10,06/04/2025,1,90.59,CAD,NEW,2026-02-06 22:12:47
1949,1066,9,07/02/2025,5,48.50,INR,NEW,2026-02-06 22:12:47
1950,2439,6,07/16/2025,7,94.96,EUR,NEW,2026-02-06 22:12:47
1951,170,1,04/01/2025,8,48.89,USD,NEW,2026-02-06 22:12:47
1952,1271,1,08/01/2025,4,10.89,USD,NEW,2026-02-06 22:12:47
1953,2439,10,07/02/2025,3,96.56,INR,NEW,2026-02-06 22:12:47
1954,2187,8,09/16/2025,8,76.61,CAD,NEW,2026-02-06 22:12:47
1955,673,10,02/04/2025,1,34.90,INR,NEW,2026-02-06 22:12:47
1956,1091,8,03/26/2025,3,86.88,USD,NEW,2026-02-06 22:12:47
1957,2474,6,08/13/2025,1,75.45,EUR,NEW,2026-02-06 22:12:47
1958,1283,10,03/20/2025,10,98.24,USD,NEW,2026-02-06 22:12:47
1959,1345,10,10/31/2025,1,90.46,USD,NEW,2026-02-06 22:12:47
1960,1693,10,01/09/2026,10,35.91,USD,NEW,2026-02-06 22:12:47
1961,173,7,08/30/2025,3,28.43,USD,NEW,2026-02-06 22:12:47
1962,2561,4,04/26/2025,6,15.59,INR,NEW,2026-02-06 22:12:47
1963,1197,7,04/02/2025,1,68.98,EUR,NEW,2026-02-06 22:12:47
1964,2685,6,05/02/2025,1,70.88,EUR,NEW,2026-02-06 22:12:47
1965,2706,2,01/07/2025,3,11.86,CAD,NEW,2026-02-06 22:12:47
1966,716,10,02/21/2025,2,69.41,INR,NEW,2026-02-06 22:12:47
1967,101,8,04/07/2025,10,89.50,INR,NEW,2026-02-06 22:12:47
1968,809,8,09/27/2025,5,69.61,CAD,NEW,2026-02-06 22:12:47
1969,127,6,01/07/2026,9,97.11,CAD,NEW,2026-02-06 22:12:47
1970,1136,8,09/20/2025,4,44.35,USD,NEW,2026-02-06 22:12:47
1971,945,2,02/06/2025,2,66.41,USD,NEW,2026-02-06 22:12:47
1972,1418,8,11/14/2025,3,54.54,EUR,NEW,2026-02-06 22:12:47
1973,1064,8,02/05/2025,8,40.86,CAD,NEW,2026-02-06 22:12:47
1974,2395,7,08/10/2025,9,16.29,EUR,NEW,2026-02-06 22:12:47
1975,2105,8,11/25/2025,5,23.62,USD,NEW,2026-02-06 22:12:47
1976,2838,10,03/07/2025,5,10.99,INR,NEW,2026-02-06 22:12:47
1977,2301,4,06/24/2025,1,69.76,EUR,NEW,2026-02-06 22:12:47
1978,1122,6,04/13/2025,4,30.58,CAD,NEW,2026-02-06 22:12:47
1979,931,8,11/24/2025,5,98.23,CAD,NEW,2026-02-06 22:12:47
1980,287,4,10/26/2025,6,19.88,EUR,NEW,2026-02-06 22:12:47
1981,542,4,03/06/2025,3,48.15,CAD,NEW,2026-02-06 22:12:47
1982,2208,1,11/26/2025,6,22.11,EUR,NEW,2026-02-06 22:12:47
1983,1604,1,01/27/2025,4,91.53,CAD,NEW,2026-02-06 22:12:47
1984,1763,2,03/13/2025,3,96.71,EUR,NEW,2026-02-06 22:12:47
1985,358,3,12/14/2025,7,60.51,USD,NEW,2026-02-06 22:12:47
1986,1017,7,10/17/2025,1,9.05,CAD,NEW,2026-02-06 22:12:47
1987,2091,1,07/03/2025,6,96.38,EUR,NEW,2026-02-06 22:12:47
1988,1627,3,06/30/2025,9,40.47,USD,NEW,2026-02-06 22:12:47
1989,2551,7,06/13/2025,9,42.68,CAD,NEW,2026-02-06 22:12:47
1990,2222,2,07/31/2025,7,27.19,CAD,NEW,2026-02-06 22:12:47
1991,2345,6,10/05/2025,4,81.91,EUR,NEW,2026-02-06 22:12:47
1992,770,1,09/17/2025,6,37.37,CAD,NEW,2026-02-06 22:12:47
1993,1021,4,03/11/2025,2,57.35,USD,NEW,2026-02-06 22:12:47
1994,5,6,12/02/2025,6,44.04,USD,NEW,2026-02-06 22:12:47
1995,1811,9,11/22/2025,3,45.15,EUR,NEW,2026-02-06 22:12:47
1996,83,5,07/09/2025,1,96.91,USD,NEW,2026-02-06 22:12:47
1997,467,9,07/24/2025,8,11.65,INR,NEW,2026-02-06 22:12:47
1998,365,9,12/31/2025,2,92.17,EUR,NEW,2026-02-06 22:12:47
1999,749,2,06/14/2025,2,88.17,INR,NEW,2026-02-06 22:12:47
2000,2700,4,10/17/2025,8,82.06,EUR,NEW,2026-02-06 22:12:47
2001,2364,2,01/05/2026,17,95.69,EUR,NEW,2026-02-06 22:12:47
2002,1712,8,10/22/2025,20,85.23,INR,NEW,2026-02-06 22:12:47
2003,542,4,06/18/2025,9,71.19,CAD,NEW,2026-02-06 22:12:47
2004,451,4,03/05/2025,3,19.49,INR,NEW,2026-02-06 22:12:47
2005,2222,4,08/12/2025,1,2.47,CAD,NEW,2026-02-06 22:12:47
2006,1653,4,12/31/2025,2,95.54,EUR,NEW,2026-02-06 22:12:47
2007,2308,4,02/04/2025,2,97.17,EUR,NEW,2026-02-06 22:12:47
2008,2139,1,01/12/2025,7,7.84,INR,NEW,2026-02-06 22:12:47
2009,2624,3,05/13/2025,6,87.24,INR,NEW,2026-02-06 22:12:47
2010,177,2,01/07/2025,4,8.66,USD,NEW,2026-02-06 22:12:47
2011,2536,9,07/11/2025,4,9.69,EUR,NEW,2026-02-06 22:12:47
2012,996,3,05/07/2025,8,61.35,CAD,NEW,2026-02-06 22:12:47
2013,1692,9,06/23/2025,3,95.43,CAD,NEW,2026-02-06 22:12:47
2014,314,5,01/08/2025,2,53.39,USD,NEW,2026-02-06 22:12:47
2015,2666,8,06/11/2025,1,91.01,USD,NEW,2026-02-06 22:12:47
2025,1820,5,06/06/2025,5,23.46,CAD,NEW,2026-02-06 22:12:47
2017,2457,8,01/20/2025,4,52.15,INR,NEW,2026-02-06 22:12:47
2018,2410,7,04/08/2025,6,93.72,EUR,NEW,2026-02-06 22:12:47
2019,1406,5,05/23/2025,9,72.84,USD,NEW,2026-02-06 22:12:47
2020,1907,3,03/21/2025,1,92.18,INR,NEW,2026-02-06 22:12:47
2026,1570,2,01/19/2025,10,31.33,CAD,NEW,2026-02-06 22:12:47
2022,1172,3,03/18/2025,7,9.07,EUR,NEW,2026-02-06 22:12:47
2023,2609,6,07/23/2025,8,89.27,USD,NEW,2026-02-06 22:12:47
2024,2196,9,01/04/2025,3,13.92,INR,NEW,2026-02-06 22:12:47
2025,1516,1,05/03/2025,9,37.35,USD,NEW,2026-02-06 22:12:47
2026,1412,8,11/26/2025,8,17.49,CAD,NEW,2026-02-06 22:12:47
2027,82,4,01/06/2026,9,92.15,USD,NEW,2026-02-06 22:12:47
2028,1291,10,12/21/2025,5,31.12,INR,NEW,2026-02-06 22:12:47
2029,1713,6,10/10/2025,8,8.85,CAD,NEW,2026-02-06 22:12:47
2030,1980,1,10/17/2025,10,59.53,CAD,NEW,2026-02-06 22:12:47
2031,2714,2,08/24/2025,9,7.39,USD,NEW,2026-02-06 22:12:47
2032,912,3,07/16/2025,2,23.66,INR,NEW,2026-02-06 22:12:47
2033,2452,7,04/11/2025,1,41.58,CAD,NEW,2026-02-06 22:12:47
2034,443,9,03/15/2025,4,14.50,EUR,NEW,2026-02-06 22:12:47
2035,2369,6,01/11/2026,7,1.48,INR,NEW,2026-02-06 22:12:47
2036,2872,9,01/08/2025,10,20.27,CAD,NEW,2026-02-06 22:12:47
2037,2,4,03/15/2025,5,95.66,EUR,NEW,2026-02-06 22:12:47
2038,2248,4,11/22/2025,5,32.66,USD,NEW,2026-02-06 22:12:47
2039,1284,1,08/14/2025,4,98.93,EUR,NEW,2026-02-06 22:12:47
2040,1526,5,06/18/2025,7,57.51,INR,NEW,2026-02-06 22:12:47
2041,436,9,07/29/2025,3,58.25,USD,NEW,2026-02-06 22:12:47
2042,2526,1,02/23/2025,8,7.61,USD,NEW,2026-02-06 22:12:47
2043,651,1,03/29/2025,9,79.04,USD,NEW,2026-02-06 22:12:47
2044,1591,9,10/03/2025,8,30.78,INR,NEW,2026-02-06 22:12:47
2045,1005,6,03/02/2025,5,41.31,INR,NEW,2026-02-06 22:12:47
2046,291,8,11/09/2025,1,19.30,INR,NEW,2026-02-06 22:12:47
2047,1215,1,06/13/2025,9,26.38,USD,NEW,2026-02-06 22:12:47
2048,2100,8,10/27/2025,7,79.68,EUR,NEW,2026-02-06 22:12:47
2049,1227,9,01/14/2025,9,39.77,USD,NEW,2026-02-06 22:12:47
2050,1800,9,06/09/2025,2,79.32,USD,NEW,2026-02-06 22:12:47
2051,1054,4,11/28/2025,6,42.12,CAD,NEW,2026-02-06 22:12:47
2052,2751,1,08/31/2025,1,26.98,CAD,NEW,2026-02-06 22:12:47
2053,916,2,02/28/2025,3,66.91,CAD,NEW,2026-02-06 22:12:47
2054,2336,1,09/20/2025,8,43.58,USD,NEW,2026-02-06 22:12:47
2055,1761,1,09/27/2025,1,21.97,CAD,NEW,2026-02-06 22:12:47
2056,2225,3,05/20/2025,6,23.02,CAD,NEW,2026-02-06 22:12:47
2057,635,2,10/13/2025,4,25.04,INR,NEW,2026-02-06 22:12:47
2058,1037,9,04/01/2025,8,15.32,INR,NEW,2026-02-06 22:12:47
2059,1152,5,04/29/2025,6,54.95,INR,NEW,2026-02-06 22:12:47
2060,1692,8,01/06/2025,4,25.82,USD,NEW,2026-02-06 22:12:47
2061,1743,7,07/10/2025,7,26.23,CAD,NEW,2026-02-06 22:12:47
2062,1985,1,01/21/2025,9,32.29,INR,NEW,2026-02-06 22:12:47
2063,154,1,12/09/2025,7,54.51,INR,NEW,2026-02-06 22:12:47
2064,2444,10,11/23/2025,5,75.95,CAD,NEW,2026-02-06 22:12:47
2065,1024,2,09/22/2025,1,83.82,EUR,NEW,2026-02-06 22:12:47
2066,1015,4,12/21/2025,7,80.08,CAD,NEW,2026-02-06 22:12:47
2067,869,8,05/10/2025,7,5.48,USD,NEW,2026-02-06 22:12:47
2068,1143,9,09/23/2025,3,86.87,CAD,NEW,2026-02-06 22:12:47
2069,1783,6,01/03/2026,9,37.14,INR,NEW,2026-02-06 22:12:47
2070,2090,3,12/21/2025,3,64.29,USD,NEW,2026-02-06 22:12:47
2071,2601,4,06/18/2025,1,93.22,INR,NEW,2026-02-06 22:12:47
2072,2511,7,05/11/2025,4,95.53,EUR,NEW,2026-02-06 22:12:47
2073,1746,7,09/23/2025,10,39.31,CAD,NEW,2026-02-06 22:12:47
2074,967,5,06/26/2025,5,0.82,EUR,NEW,2026-02-06 22:12:47
2075,1334,5,07/08/2025,7,5.91,CAD,NEW,2026-02-06 22:12:47
2076,1945,3,01/01/2026,6,21.97,EUR,NEW,2026-02-06 22:12:47
2077,2054,1,12/01/2025,6,71.38,EUR,NEW,2026-02-06 22:12:47
2078,2183,3,10/17/2025,5,46.77,INR,NEW,2026-02-06 22:12:47
2079,1112,5,02/08/2025,10,48.22,USD,NEW,2026-02-06 22:12:47
2080,2719,3,02/18/2025,2,72.21,INR,NEW,2026-02-06 22:12:47
2081,1137,4,05/15/2025,4,25.22,USD,NEW,2026-02-06 22:12:47
2082,525,2,06/05/2025,10,96.19,EUR,NEW,2026-02-06 22:12:47
2083,93,7,07/04/2025,8,69.64,EUR,NEW,2026-02-06 22:12:47
2084,2999,7,05/29/2025,5,19.00,USD,NEW,2026-02-06 22:12:47
2085,327,4,11/05/2025,4,3.90,CAD,NEW,2026-02-06 22:12:47
2086,2622,3,01/09/2025,5,23.03,EUR,NEW,2026-02-06 22:12:47
2087,304,9,12/30/2025,9,65.77,INR,NEW,2026-02-06 22:12:47
2088,1845,10,03/29/2025,6,97.25,EUR,NEW,2026-02-06 22:12:47
2089,2617,1,03/16/2025,6,12.52,CAD,NEW,2026-02-06 22:12:47
2090,1866,2,09/29/2025,8,14.13,USD,NEW,2026-02-06 22:12:47
2091,277,3,11/22/2025,9,44.20,EUR,NEW,2026-02-06 22:12:47
2092,1936,5,12/03/2025,6,0.95,INR,NEW,2026-02-06 22:12:47
2093,2858,7,03/27/2025,2,18.68,CAD,NEW,2026-02-06 22:12:47
2094,731,5,01/23/2025,2,65.21,USD,NEW,2026-02-06 22:12:47
2095,1960,4,04/01/2025,4,6.22,CAD,NEW,2026-02-06 22:12:47
2096,1497,5,03/10/2025,1,7.16,CAD,NEW,2026-02-06 22:12:47
2097,2539,6,09/14/2025,4,60.81,USD,NEW,2026-02-06 22:12:47
2098,2423,5,02/19/2025,7,54.78,EUR,NEW,2026-02-06 22:12:47
2099,2168,4,06/23/2025,10,12.06,EUR,NEW,2026-02-06 22:12:47
2100,740,4,04/03/2025,3,32.96,USD,NEW,2026-02-06 22:12:47
2101,879,2,12/31/2025,8,27.55,USD,NEW,2026-02-06 22:12:47
2102,1351,9,11/21/2025,7,56.87,CAD,NEW,2026-02-06 22:12:47
2103,2272,3,11/03/2025,2,59.39,EUR,NEW,2026-02-06 22:12:47
2104,1173,7,05/08/2025,2,7.74,CAD,NEW,2026-02-06 22:12:47
2105,2832,6,03/08/2025,10,78.49,INR,NEW,2026-02-06 22:12:47
2106,2889,9,08/24/2025,4,80.78,INR,NEW,2026-02-06 22:12:47
2107,2890,8,03/18/2025,7,12.09,CAD,NEW,2026-02-06 22:12:47
2108,778,2,09/26/2025,2,7.21,USD,NEW,2026-02-06 22:12:47
2109,151,10,10/29/2025,1,76.40,EUR,NEW,2026-02-06 22:12:47
2110,2803,1,01/12/2026,2,45.97,EUR,NEW,2026-02-06 22:12:47
2111,2710,6,08/28/2025,2,88.06,USD,NEW,2026-02-06 22:12:47
2112,311,7,12/05/2025,8,91.76,EUR,NEW,2026-02-06 22:12:47
2113,386,1,09/19/2025,10,96.55,EUR,NEW,2026-02-06 22:12:47
2114,2111,1,01/12/2026,6,12.47,INR,NEW,2026-02-06 22:12:47
2115,259,6,06/17/2025,2,67.77,USD,NEW,2026-02-06 22:12:47
2116,1839,7,04/03/2025,9,82.05,CAD,NEW,2026-02-06 22:12:47
2117,1000,3,03/29/2025,1,4.44,USD,NEW,2026-02-06 22:12:47
2118,1352,10,12/23/2025,10,22.98,INR,NEW,2026-02-06 22:12:47
2119,702,3,09/13/2025,1,83.46,USD,NEW,2026-02-06 22:12:47
2120,559,10,03/27/2025,4,15.38,CAD,NEW,2026-02-06 22:12:47
2121,27,1,07/15/2025,8,76.12,EUR,NEW,2026-02-06 22:12:47
2122,1780,8,01/01/2025,10,20.91,CAD,NEW,2026-02-06 22:12:47
2123,1182,1,06/07/2025,5,71.51,EUR,NEW,2026-02-06 22:12:47
2124,645,4,02/08/2025,3,67.45,INR,NEW,2026-02-06 22:12:47
2125,2738,9,12/25/2025,10,42.24,EUR,NEW,2026-02-06 22:12:47
2126,2724,6,10/13/2025,6,11.51,EUR,NEW,2026-02-06 22:12:47
2127,1462,6,08/03/2025,2,49.12,EUR,NEW,2026-02-06 22:12:47
2128,1795,10,09/27/2025,7,29.24,CAD,NEW,2026-02-06 22:12:47
2129,183,5,10/17/2025,3,86.68,USD,NEW,2026-02-06 22:12:47
2130,651,7,01/05/2026,3,17.92,EUR,NEW,2026-02-06 22:12:47
2131,2782,3,03/10/2025,3,42.23,INR,NEW,2026-02-06 22:12:47
2132,766,10,01/11/2026,8,54.66,INR,NEW,2026-02-06 22:12:47
2133,789,2,09/27/2025,9,78.15,INR,NEW,2026-02-06 22:12:47
2134,2720,7,07/05/2025,4,54.22,INR,NEW,2026-02-06 22:12:47
2135,2460,8,11/26/2025,10,63.94,EUR,NEW,2026-02-06 22:12:47
2136,1582,1,06/09/2025,7,35.16,USD,NEW,2026-02-06 22:12:47
2137,790,6,07/13/2025,5,88.06,CAD,NEW,2026-02-06 22:12:47
2138,716,6,01/04/2025,8,98.53,INR,NEW,2026-02-06 22:12:47
2139,571,3,03/03/2025,1,15.53,USD,NEW,2026-02-06 22:12:47
2140,1200,2,03/19/2025,10,77.20,USD,NEW,2026-02-06 22:12:47
2141,1722,4,02/01/2025,8,78.00,CAD,NEW,2026-02-06 22:12:47
2142,508,1,08/12/2025,10,3.90,EUR,NEW,2026-02-06 22:12:47
2143,1587,4,10/15/2025,4,49.69,USD,NEW,2026-02-06 22:12:47
2144,84,8,03/10/2025,10,6.11,EUR,NEW,2026-02-06 22:12:47
2145,1391,2,10/05/2025,7,9.74,USD,NEW,2026-02-06 22:12:47
2146,1714,10,08/14/2025,5,55.43,EUR,NEW,2026-02-06 22:12:47
2147,390,2,02/26/2025,6,94.71,USD,NEW,2026-02-06 22:12:47
2148,530,6,07/04/2025,5,9.98,EUR,NEW,2026-02-06 22:12:47
2149,172,9,09/29/2025,9,43.18,EUR,NEW,2026-02-06 22:12:47
2150,2691,6,03/08/2025,5,73.40,USD,NEW,2026-02-06 22:12:47
2151,732,5,08/09/2025,1,83.35,EUR,NEW,2026-02-06 22:12:47
2152,2829,8,10/22/2025,3,4.53,CAD,NEW,2026-02-06 22:12:47
2153,827,8,08/14/2025,3,67.64,INR,NEW,2026-02-06 22:12:47
2154,2499,7,10/05/2025,9,80.84,INR,NEW,2026-02-06 22:12:47
2155,2816,8,03/31/2025,1,79.84,USD,NEW,2026-02-06 22:12:47
2156,1186,7,07/12/2025,8,66.72,CAD,NEW,2026-02-06 22:12:47
2157,2548,3,01/19/2025,3,28.18,CAD,NEW,2026-02-06 22:12:47
2158,1937,6,02/18/2025,9,23.16,INR,NEW,2026-02-06 22:12:47
2159,1953,6,01/30/2025,3,88.87,USD,NEW,2026-02-06 22:12:47
2160,739,4,06/09/2025,2,67.85,CAD,NEW,2026-02-06 22:12:47
2161,2844,1,11/14/2025,3,90.28,USD,NEW,2026-02-06 22:12:47
2162,988,9,04/01/2025,1,36.24,USD,NEW,2026-02-06 22:12:47
2163,444,5,04/02/2025,9,28.94,INR,NEW,2026-02-06 22:12:47
2164,100,10,06/17/2025,6,38.78,EUR,NEW,2026-02-06 22:12:47
2165,1301,1,02/06/2025,3,8.23,INR,NEW,2026-02-06 22:12:47
2166,2474,10,02/28/2025,8,46.51,INR,NEW,2026-02-06 22:12:47
2167,2447,6,05/05/2025,7,87.75,INR,NEW,2026-02-06 22:12:47
2168,1401,5,02/15/2025,6,80.20,EUR,NEW,2026-02-06 22:12:47
2169,535,7,03/03/2025,6,35.16,EUR,NEW,2026-02-06 22:12:47
2170,2462,7,02/10/2025,3,89.05,USD,NEW,2026-02-06 22:12:47
2171,2950,9,02/14/2025,5,80.00,CAD,NEW,2026-02-06 22:12:47
2172,649,8,05/17/2025,9,10.34,INR,NEW,2026-02-06 22:12:47
2173,738,7,03/27/2025,10,75.81,INR,NEW,2026-02-06 22:12:47
2174,2011,7,01/04/2025,3,29.25,EUR,NEW,2026-02-06 22:12:47
2175,2169,4,12/26/2025,7,8.16,USD,NEW,2026-02-06 22:12:47
2176,1490,6,01/18/2025,9,4.28,EUR,NEW,2026-02-06 22:12:47
2177,2936,5,04/12/2025,8,51.14,USD,NEW,2026-02-06 22:12:47
2178,2589,8,07/06/2025,6,81.43,INR,NEW,2026-02-06 22:12:47
2179,2899,7,10/27/2025,4,20.48,EUR,NEW,2026-02-06 22:12:47
2180,2005,1,07/04/2025,5,59.42,INR,NEW,2026-02-06 22:12:47
2181,515,9,03/26/2025,4,84.28,USD,NEW,2026-02-06 22:12:47
2182,2414,9,06/18/2025,4,72.03,CAD,NEW,2026-02-06 22:12:47
2183,1061,3,11/04/2025,2,8.77,EUR,NEW,2026-02-06 22:12:47
2184,2553,4,11/15/2025,3,66.88,INR,NEW,2026-02-06 22:12:47
2185,2060,6,04/13/2025,6,38.25,EUR,NEW,2026-02-06 22:12:47
2186,949,5,02/28/2025,6,32.68,CAD,NEW,2026-02-06 22:12:47
2187,902,3,11/12/2025,6,91.23,USD,NEW,2026-02-06 22:12:47
2188,2881,9,10/27/2025,7,25.70,INR,NEW,2026-02-06 22:12:47
2189,124,6,09/15/2025,10,70.03,USD,NEW,2026-02-06 22:12:47
2190,1901,7,11/09/2025,2,11.80,USD,NEW,2026-02-06 22:12:47
2191,194,1,01/30/2025,10,74.36,CAD,NEW,2026-02-06 22:12:47
2192,341,8,03/24/2025,6,40.62,CAD,NEW,2026-02-06 22:12:47
2193,560,10,07/16/2025,4,39.10,CAD,NEW,2026-02-06 22:12:47
2194,1753,1,05/24/2025,10,62.34,EUR,NEW,2026-02-06 22:12:47
2195,386,10,01/13/2025,3,76.43,CAD,NEW,2026-02-06 22:12:47
2196,2397,7,10/25/2025,10,76.31,EUR,NEW,2026-02-06 22:12:47
2197,29,9,06/11/2025,1,62.75,EUR,NEW,2026-02-06 22:12:47
2198,1270,9,11/27/2025,5,30.82,INR,NEW,2026-02-06 22:12:47
2199,322,9,06/11/2025,5,66.71,INR,NEW,2026-02-06 22:12:47
2200,1051,10,02/01/2025,2,96.85,INR,NEW,2026-02-06 22:12:47
2201,353,4,12/18/2025,7,7.08,EUR,NEW,2026-02-06 22:12:47
2202,553,1,10/03/2025,10,25.82,USD,NEW,2026-02-06 22:12:47
2203,761,6,05/30/2025,7,79.38,INR,NEW,2026-02-06 22:12:47
2204,1770,3,11/21/2025,10,4.69,INR,NEW,2026-02-06 22:12:47
2205,13,9,05/29/2025,10,21.97,CAD,NEW,2026-02-06 22:12:47
2206,1062,4,11/19/2025,3,16.12,CAD,NEW,2026-02-06 22:12:47
2207,1775,5,08/11/2025,10,6.52,EUR,NEW,2026-02-06 22:12:47
2208,66,9,08/04/2025,2,32.70,INR,NEW,2026-02-06 22:12:47
2209,1643,4,08/17/2025,4,97.68,INR,NEW,2026-02-06 22:12:47
2210,64,3,01/04/2026,2,98.33,INR,NEW,2026-02-06 22:12:47
2211,600,3,01/21/2025,5,67.64,CAD,NEW,2026-02-06 22:12:47
2212,2349,2,04/20/2025,4,88.61,INR,NEW,2026-02-06 22:12:47
2213,715,10,12/15/2025,3,79.94,CAD,NEW,2026-02-06 22:12:47
2214,617,8,12/19/2025,5,89.26,INR,NEW,2026-02-06 22:12:47
2215,898,3,10/09/2025,3,69.47,EUR,NEW,2026-02-06 22:12:47
2216,144,9,12/04/2025,6,11.40,USD,NEW,2026-02-06 22:12:47
2217,2113,5,12/28/2025,7,78.49,USD,NEW,2026-02-06 22:12:47
2218,1407,7,08/29/2025,5,63.42,CAD,NEW,2026-02-06 22:12:47
2219,1515,4,08/09/2025,1,73.31,EUR,NEW,2026-02-06 22:12:47
2220,2943,6,05/14/2025,3,63.22,USD,NEW,2026-02-06 22:12:47
2221,1985,3,07/05/2025,10,66.09,USD,NEW,2026-02-06 22:12:47
2222,1887,5,08/29/2025,9,26.09,CAD,NEW,2026-02-06 22:12:47
2223,837,3,06/07/2025,2,33.52,INR,NEW,2026-02-06 22:12:47
2224,2775,3,08/05/2025,8,70.89,CAD,NEW,2026-02-06 22:12:47
2225,1995,3,07/25/2025,5,78.52,CAD,NEW,2026-02-06 22:12:47
2226,1754,8,12/26/2025,4,50.45,CAD,NEW,2026-02-06 22:12:47
2227,1314,2,07/08/2025,8,32.65,INR,NEW,2026-02-06 22:12:47
2228,2409,3,04/10/2025,9,22.04,INR,NEW,2026-02-06 22:12:47
2229,1218,6,02/24/2025,2,77.17,INR,NEW,2026-02-06 22:12:47
2230,2701,10,01/27/2025,4,2.63,USD,NEW,2026-02-06 22:12:47
2231,155,2,09/24/2025,5,25.46,INR,NEW,2026-02-06 22:12:47
2232,2978,9,05/21/2025,6,12.83,INR,NEW,2026-02-06 22:12:47
2233,2745,6,01/07/2026,10,86.80,EUR,NEW,2026-02-06 22:12:47
2234,2429,6,03/29/2025,6,72.15,USD,NEW,2026-02-06 22:12:47
2235,1436,3,10/27/2025,7,33.36,USD,NEW,2026-02-06 22:12:47
2236,1620,6,06/13/2025,7,24.51,CAD,NEW,2026-02-06 22:12:47
2237,33,7,09/25/2025,2,57.92,CAD,NEW,2026-02-06 22:12:47
2238,540,6,07/14/2025,3,5.07,USD,NEW,2026-02-06 22:12:47
2239,1730,2,05/29/2025,7,96.96,USD,NEW,2026-02-06 22:12:47
2240,723,10,04/26/2025,1,30.33,CAD,NEW,2026-02-06 22:12:47
2241,532,8,05/26/2025,3,30.62,EUR,NEW,2026-02-06 22:12:47
2242,2069,8,08/01/2025,5,96.81,USD,NEW,2026-02-06 22:12:47
2243,2561,1,09/21/2025,3,12.75,CAD,NEW,2026-02-06 22:12:47
2244,1445,6,12/10/2025,8,11.54,EUR,NEW,2026-02-06 22:12:47
2245,2954,6,04/01/2025,3,93.76,INR,NEW,2026-02-06 22:12:47
2246,1145,2,03/31/2025,3,15.72,USD,NEW,2026-02-06 22:12:47
2247,1939,7,12/29/2025,4,47.85,USD,NEW,2026-02-06 22:12:47
2248,2066,2,11/25/2025,2,39.15,INR,NEW,2026-02-06 22:12:47
2249,137,6,01/06/2026,1,32.13,USD,NEW,2026-02-06 22:12:47
2250,1584,4,08/19/2025,1,37.61,EUR,NEW,2026-02-06 22:12:47
2251,838,5,04/01/2025,2,0.59,EUR,NEW,2026-02-06 22:12:47
2252,1473,1,06/30/2025,3,73.89,INR,NEW,2026-02-06 22:12:47
2253,2945,8,09/03/2025,10,95.38,INR,NEW,2026-02-06 22:12:47
2254,2590,3,05/18/2025,5,32.56,EUR,NEW,2026-02-06 22:12:47
2255,1081,8,09/10/2025,8,14.59,CAD,NEW,2026-02-06 22:12:47
2256,2832,2,01/06/2025,2,29.51,CAD,NEW,2026-02-06 22:12:47
2257,2672,3,01/07/2026,1,57.97,USD,NEW,2026-02-06 22:12:47
2258,1574,9,04/16/2025,9,53.67,EUR,NEW,2026-02-06 22:12:47
2259,1977,3,09/04/2025,10,46.66,USD,NEW,2026-02-06 22:12:47
2260,2378,1,08/19/2025,3,46.34,CAD,NEW,2026-02-06 22:12:47
2261,492,10,11/24/2025,2,46.77,USD,NEW,2026-02-06 22:12:47
2262,1990,3,07/19/2025,10,12.72,INR,NEW,2026-02-06 22:12:47
2263,1008,7,10/14/2025,5,41.66,CAD,NEW,2026-02-06 22:12:47
2264,262,9,02/14/2025,9,22.71,USD,NEW,2026-02-06 22:12:47
2265,2518,2,02/04/2025,1,77.59,INR,NEW,2026-02-06 22:12:47
2266,1646,7,02/06/2025,7,61.80,INR,NEW,2026-02-06 22:12:47
2267,533,8,04/23/2025,8,23.67,EUR,NEW,2026-02-06 22:12:47
2268,561,6,03/21/2025,1,73.73,INR,NEW,2026-02-06 22:12:47
2269,2306,9,09/02/2025,5,24.42,CAD,NEW,2026-02-06 22:12:47
2270,1155,4,05/28/2025,6,21.69,USD,NEW,2026-02-06 22:12:47
2271,1213,9,07/26/2025,10,78.62,CAD,NEW,2026-02-06 22:12:47
2272,479,9,12/24/2025,6,24.33,INR,NEW,2026-02-06 22:12:47
2273,2752,7,05/30/2025,2,79.22,INR,NEW,2026-02-06 22:12:47
2274,1230,5,07/03/2025,6,10.64,EUR,NEW,2026-02-06 22:12:47
2275,157,4,07/11/2025,4,81.45,EUR,NEW,2026-02-06 22:12:47
2276,76,4,07/19/2025,6,4.45,EUR,NEW,2026-02-06 22:12:47
2277,1103,10,01/02/2026,1,51.80,CAD,NEW,2026-02-06 22:12:47
2278,900,3,07/11/2025,7,39.07,USD,NEW,2026-02-06 22:12:47
2279,857,2,04/20/2025,4,71.89,EUR,NEW,2026-02-06 22:12:47
2280,1267,7,12/02/2025,9,14.94,CAD,NEW,2026-02-06 22:12:47
2281,465,3,11/20/2025,2,59.90,INR,NEW,2026-02-06 22:12:47
2282,1041,6,07/21/2025,7,31.82,EUR,NEW,2026-02-06 22:12:47
2283,917,6,12/15/2025,5,72.72,USD,NEW,2026-02-06 22:12:47
2284,981,7,10/09/2025,9,83.26,USD,NEW,2026-02-06 22:12:47
2285,352,2,07/19/2025,4,26.01,INR,NEW,2026-02-06 22:12:47
2286,1156,5,07/14/2025,4,12.13,USD,NEW,2026-02-06 22:12:47
2287,1702,9,10/15/2025,4,4.37,INR,NEW,2026-02-06 22:12:47
2288,2970,5,05/21/2025,10,36.90,EUR,NEW,2026-02-06 22:12:47
2289,1818,1,11/20/2025,9,8.92,INR,NEW,2026-02-06 22:12:47
2290,2618,6,06/09/2025,7,51.59,CAD,NEW,2026-02-06 22:12:47
2291,14,10,12/22/2025,10,62.46,CAD,NEW,2026-02-06 22:12:47
2292,1208,5,07/06/2025,3,56.44,EUR,NEW,2026-02-06 22:12:47
2293,1827,4,09/03/2025,6,84.85,INR,NEW,2026-02-06 22:12:47
2294,939,5,09/22/2025,1,46.23,CAD,NEW,2026-02-06 22:12:47
2295,2013,3,07/28/2025,7,68.20,INR,NEW,2026-02-06 22:12:47
2296,100,5,01/24/2025,2,75.66,EUR,NEW,2026-02-06 22:12:47
2297,463,10,01/14/2026,2,91.29,USD,NEW,2026-02-06 22:12:47
2298,1242,2,01/25/2025,7,95.12,EUR,NEW,2026-02-06 22:12:47
2299,2516,10,01/11/2025,6,45.54,INR,NEW,2026-02-06 22:12:47
2300,1911,10,12/15/2025,7,44.80,EUR,NEW,2026-02-06 22:12:47
2301,2674,6,11/01/2025,2,47.49,CAD,NEW,2026-02-06 22:12:47
2302,2765,1,01/23/2025,10,68.85,USD,NEW,2026-02-06 22:12:47
2303,2244,4,12/27/2025,8,71.71,CAD,NEW,2026-02-06 22:12:47
2304,495,9,03/24/2025,6,3.61,INR,NEW,2026-02-06 22:12:47
2305,359,1,10/26/2025,9,89.31,USD,NEW,2026-02-06 22:12:47
2306,2297,10,03/27/2025,9,12.12,USD,NEW,2026-02-06 22:12:47
2307,2806,5,03/19/2025,3,66.64,USD,NEW,2026-02-06 22:12:47
2308,2404,8,07/27/2025,2,0.76,INR,NEW,2026-02-06 22:12:47
2309,973,1,09/29/2025,2,73.21,EUR,NEW,2026-02-06 22:12:47
2310,260,8,07/27/2025,3,29.80,USD,NEW,2026-02-06 22:12:47
2311,1755,2,10/10/2025,4,51.00,EUR,NEW,2026-02-06 22:12:47
2312,704,4,12/25/2025,6,51.77,EUR,NEW,2026-02-06 22:12:47
2313,941,6,12/20/2025,4,9.28,CAD,NEW,2026-02-06 22:12:47
2314,2135,1,03/24/2025,7,9.51,CAD,NEW,2026-02-06 22:12:47
2315,1012,7,11/05/2025,3,34.14,CAD,NEW,2026-02-06 22:12:47
2316,959,4,03/21/2025,3,44.69,INR,NEW,2026-02-06 22:12:47
2317,2134,5,12/16/2025,4,11.62,INR,NEW,2026-02-06 22:12:47
2318,2912,5,10/24/2025,8,3.73,INR,NEW,2026-02-06 22:12:47
2319,440,7,02/23/2025,5,4.24,CAD,NEW,2026-02-06 22:12:47
2320,1285,4,12/15/2025,6,53.14,USD,NEW,2026-02-06 22:12:47
2321,2236,3,10/25/2025,8,55.94,CAD,NEW,2026-02-06 22:12:47
2322,769,10,01/08/2026,8,78.79,EUR,NEW,2026-02-06 22:12:47
2323,2518,10,03/06/2025,3,46.09,CAD,NEW,2026-02-06 22:12:47
2324,2026,3,01/05/2025,3,62.40,CAD,NEW,2026-02-06 22:12:47
2325,670,7,06/25/2025,7,32.08,EUR,NEW,2026-02-06 22:12:47
2326,2231,4,08/21/2025,2,27.57,CAD,NEW,2026-02-06 22:12:47
2327,230,2,06/05/2025,9,50.15,CAD,NEW,2026-02-06 22:12:47
2328,2864,8,03/20/2025,3,11.75,USD,NEW,2026-02-06 22:12:47
2329,319,7,03/27/2025,5,57.63,USD,NEW,2026-02-06 22:12:47
2330,2279,5,06/26/2025,1,25.60,INR,NEW,2026-02-06 22:12:47
2331,2125,10,08/29/2025,1,83.15,USD,NEW,2026-02-06 22:12:47
2332,418,3,03/10/2025,5,19.00,USD,NEW,2026-02-06 22:12:47
2333,2591,7,12/06/2025,9,28.76,INR,NEW,2026-02-06 22:12:47
2334,1617,1,01/11/2025,10,8.05,USD,NEW,2026-02-06 22:12:47
2335,199,4,07/27/2025,9,33.74,INR,NEW,2026-02-06 22:12:47
2336,1684,5,07/01/2025,6,86.85,INR,NEW,2026-02-06 22:12:47
2337,664,9,03/11/2025,9,99.54,USD,NEW,2026-02-06 22:12:47
2338,1737,1,07/23/2025,6,40.48,INR,NEW,2026-02-06 22:12:47
2339,1629,7,11/21/2025,7,21.22,CAD,NEW,2026-02-06 22:12:47
2340,459,8,03/07/2025,2,8.77,INR,NEW,2026-02-06 22:12:47
2341,2349,3,01/25/2025,3,9.18,CAD,NEW,2026-02-06 22:12:47
2342,1137,7,10/07/2025,6,73.18,EUR,NEW,2026-02-06 22:12:47
2343,1401,6,08/01/2025,7,69.90,USD,NEW,2026-02-06 22:12:47
2344,2124,5,03/17/2025,6,14.61,CAD,NEW,2026-02-06 22:12:47
2345,317,1,10/03/2025,1,40.10,INR,NEW,2026-02-06 22:12:47
2346,291,5,12/03/2025,1,59.53,CAD,NEW,2026-02-06 22:12:47
2347,2666,8,03/24/2025,1,14.57,INR,NEW,2026-02-06 22:12:47
2348,279,7,01/11/2026,2,22.42,CAD,NEW,2026-02-06 22:12:47
2349,1017,10,05/06/2025,8,26.98,INR,NEW,2026-02-06 22:12:47
2350,1778,2,06/29/2025,8,36.12,CAD,NEW,2026-02-06 22:12:47
2351,1612,8,03/28/2025,6,0.41,INR,NEW,2026-02-06 22:12:47
2352,598,3,06/27/2025,4,30.66,USD,NEW,2026-02-06 22:12:47
2353,411,4,06/15/2025,7,66.68,EUR,NEW,2026-02-06 22:12:47
2354,1393,9,07/09/2025,7,61.08,INR,NEW,2026-02-06 22:12:47
2355,2278,4,06/23/2025,6,35.03,INR,NEW,2026-02-06 22:12:47
2356,139,6,08/23/2025,4,26.03,USD,NEW,2026-02-06 22:12:47
2357,906,8,04/18/2025,1,45.03,CAD,NEW,2026-02-06 22:12:47
2358,257,3,05/04/2025,10,37.91,CAD,NEW,2026-02-06 22:12:47
2359,818,6,02/23/2025,4,46.16,EUR,NEW,2026-02-06 22:12:47
2360,2001,5,11/04/2025,6,29.57,INR,NEW,2026-02-06 22:12:47
2361,1995,8,12/13/2025,9,78.38,CAD,NEW,2026-02-06 22:12:47
2362,141,10,05/18/2025,1,29.05,USD,NEW,2026-02-06 22:12:47
2363,2123,8,10/03/2025,6,60.00,USD,NEW,2026-02-06 22:12:47
2364,1331,3,01/03/2026,10,61.52,CAD,NEW,2026-02-06 22:12:47
2365,1476,5,02/06/2025,4,96.94,INR,NEW,2026-02-06 22:12:47
2366,1208,10,01/11/2026,10,9.35,INR,NEW,2026-02-06 22:12:47
2367,935,2,09/11/2025,7,43.99,CAD,NEW,2026-02-06 22:12:47
2368,1187,10,10/06/2025,9,26.50,CAD,NEW,2026-02-06 22:12:47
2369,749,1,07/05/2025,10,22.90,EUR,NEW,2026-02-06 22:12:47
2370,1238,1,09/23/2025,3,64.19,EUR,NEW,2026-02-06 22:12:47
2371,992,6,05/09/2025,10,31.13,USD,NEW,2026-02-06 22:12:47
2372,2227,4,04/14/2025,1,83.34,INR,NEW,2026-02-06 22:12:47
2373,913,4,08/10/2025,5,57.05,INR,NEW,2026-02-06 22:12:47
2374,988,1,09/13/2025,2,36.63,CAD,NEW,2026-02-06 22:12:47
2375,778,6,11/28/2025,9,58.27,CAD,NEW,2026-02-06 22:12:47
2376,1571,1,01/30/2025,8,29.91,CAD,NEW,2026-02-06 22:12:47
2377,940,9,05/16/2025,2,80.76,INR,NEW,2026-02-06 22:12:47
2378,1463,1,08/14/2025,9,83.67,USD,NEW,2026-02-06 22:12:47
2379,226,4,11/03/2025,9,85.60,INR,NEW,2026-02-06 22:12:47
2380,744,10,01/27/2025,1,34.67,CAD,NEW,2026-02-06 22:12:47
2381,1535,2,07/14/2025,3,56.80,CAD,NEW,2026-02-06 22:12:47
2382,362,5,10/19/2025,10,16.64,INR,NEW,2026-02-06 22:12:47
2383,806,1,09/10/2025,8,88.67,CAD,NEW,2026-02-06 22:12:47
2384,1810,8,05/27/2025,7,87.61,EUR,NEW,2026-02-06 22:12:47
2385,2774,3,05/01/2025,5,35.82,EUR,NEW,2026-02-06 22:12:47
2386,2722,9,10/18/2025,6,66.91,CAD,NEW,2026-02-06 22:12:47
2387,2389,8,01/14/2026,7,64.49,CAD,NEW,2026-02-06 22:12:47
2388,2682,3,04/11/2025,9,20.27,USD,NEW,2026-02-06 22:12:47
2389,436,1,04/30/2025,6,23.95,USD,NEW,2026-02-06 22:12:47
2390,1249,7,04/01/2025,1,53.58,INR,NEW,2026-02-06 22:12:47
2391,610,10,03/14/2025,6,9.63,INR,NEW,2026-02-06 22:12:47
2392,331,5,07/14/2025,10,13.82,CAD,NEW,2026-02-06 22:12:47
2393,793,9,04/06/2025,3,64.17,USD,NEW,2026-02-06 22:12:47
2394,2287,7,05/28/2025,3,83.89,USD,NEW,2026-02-06 22:12:47
2395,765,8,02/20/2025,9,21.71,EUR,NEW,2026-02-06 22:12:47
2396,2037,8,01/13/2026,10,88.75,EUR,NEW,2026-02-06 22:12:47
2397,1922,2,01/14/2026,2,85.63,INR,NEW,2026-02-06 22:12:47
2398,733,4,07/01/2025,4,75.19,CAD,NEW,2026-02-06 22:12:47
2399,1957,10,08/25/2025,6,98.55,CAD,NEW,2026-02-06 22:12:47
2400,2922,10,03/26/2025,6,12.30,INR,NEW,2026-02-06 22:12:47
2401,2668,10,08/15/2025,4,98.76,INR,NEW,2026-02-06 22:12:47
2402,1554,8,02/22/2025,4,42.07,INR,NEW,2026-02-06 22:12:47
2403,1916,1,10/29/2025,9,45.59,CAD,NEW,2026-02-06 22:12:47
2404,2072,6,04/21/2025,1,74.80,USD,NEW,2026-02-06 22:12:47
2405,884,10,02/23/2025,5,58.85,CAD,NEW,2026-02-06 22:12:47
2406,1887,6,04/21/2025,1,20.44,CAD,NEW,2026-02-06 22:12:47
2407,483,2,01/26/2025,10,53.63,CAD,NEW,2026-02-06 22:12:47
2408,2559,2,06/11/2025,1,4.68,EUR,NEW,2026-02-06 22:12:47
2409,2106,4,07/09/2025,2,70.41,USD,NEW,2026-02-06 22:12:47
2410,1020,1,11/15/2025,2,95.63,CAD,NEW,2026-02-06 22:12:47
2411,1612,5,01/23/2025,1,76.57,INR,NEW,2026-02-06 22:12:47
2412,2320,8,06/08/2025,7,79.31,INR,NEW,2026-02-06 22:12:47
2413,488,10,01/12/2025,8,15.35,INR,NEW,2026-02-06 22:12:47
2414,1103,7,10/25/2025,4,13.09,CAD,NEW,2026-02-06 22:12:47
2415,1712,6,02/09/2025,8,11.60,INR,NEW,2026-02-06 22:12:47
2416,1448,9,08/31/2025,7,2.68,USD,NEW,2026-02-06 22:12:47
2417,1571,4,08/26/2025,7,28.49,CAD,NEW,2026-02-06 22:12:47
2418,2796,1,08/17/2025,3,39.04,USD,NEW,2026-02-06 22:12:47
2419,2923,3,05/30/2025,1,15.98,EUR,NEW,2026-02-06 22:12:47
2420,2036,1,03/13/2025,2,61.64,USD,NEW,2026-02-06 22:12:47
2421,637,4,02/06/2025,6,50.20,CAD,NEW,2026-02-06 22:12:47
2422,1396,2,05/11/2025,8,36.07,INR,NEW,2026-02-06 22:12:47
2423,2790,2,10/21/2025,3,79.60,CAD,NEW,2026-02-06 22:12:47
2424,1171,4,04/07/2025,1,50.05,EUR,NEW,2026-02-06 22:12:47
2425,1304,2,10/21/2025,1,40.45,CAD,NEW,2026-02-06 22:12:47
2426,1507,2,02/28/2025,6,97.75,EUR,NEW,2026-02-06 22:12:47
2427,355,6,07/10/2025,9,88.71,USD,NEW,2026-02-06 22:12:47
2428,1126,5,06/10/2025,1,83.71,INR,NEW,2026-02-06 22:12:47
2429,2356,7,03/18/2025,6,0.64,EUR,NEW,2026-02-06 22:12:47
2430,302,8,01/04/2026,8,5.93,USD,NEW,2026-02-06 22:12:47
2431,2175,9,12/19/2025,4,89.92,USD,NEW,2026-02-06 22:12:47
2432,682,2,07/31/2025,2,59.86,INR,NEW,2026-02-06 22:12:47
2433,1230,9,08/08/2025,6,9.20,EUR,NEW,2026-02-06 22:12:47
2434,200,1,06/25/2025,6,78.44,EUR,NEW,2026-02-06 22:12:47
2435,1935,9,03/06/2025,10,71.29,EUR,NEW,2026-02-06 22:12:47
2436,720,5,11/21/2025,7,4.65,CAD,NEW,2026-02-06 22:12:47
2437,2223,8,10/16/2025,5,92.11,EUR,NEW,2026-02-06 22:12:47
2438,1226,3,10/24/2025,3,93.31,CAD,NEW,2026-02-06 22:12:47
2439,1420,5,12/22/2025,2,64.82,INR,NEW,2026-02-06 22:12:47
2440,2227,4,12/11/2025,6,83.05,INR,NEW,2026-02-06 22:12:47
2441,931,4,07/08/2025,3,47.14,EUR,NEW,2026-02-06 22:12:47
2442,1865,3,10/23/2025,7,76.39,INR,NEW,2026-02-06 22:12:47
2443,1070,7,04/09/2025,5,97.39,USD,NEW,2026-02-06 22:12:47
2444,292,9,01/19/2025,7,16.76,EUR,NEW,2026-02-06 22:12:47
2445,276,9,07/28/2025,6,14.31,INR,NEW,2026-02-06 22:12:47
2446,1562,9,02/01/2025,6,63.30,INR,NEW,2026-02-06 22:12:47
2447,2892,2,03/03/2025,9,85.63,USD,NEW,2026-02-06 22:12:47
2448,2240,7,07/30/2025,7,78.91,INR,NEW,2026-02-06 22:12:47
2449,2780,5,05/21/2025,8,35.26,EUR,NEW,2026-02-06 22:12:47
2450,2515,5,11/11/2025,5,65.88,INR,NEW,2026-02-06 22:12:47
2451,1501,9,01/29/2025,3,5.20,EUR,NEW,2026-02-06 22:12:47
2452,1902,9,09/04/2025,3,93.84,EUR,NEW,2026-02-06 22:12:47
2453,562,1,02/13/2025,8,66.53,USD,NEW,2026-02-06 22:12:47
2454,146,1,12/24/2025,3,92.20,CAD,NEW,2026-02-06 22:12:47
2455,252,10,10/23/2025,9,0.17,USD,NEW,2026-02-06 22:12:47
2456,757,3,01/06/2025,4,66.12,USD,NEW,2026-02-06 22:12:47
2457,1356,9,01/24/2025,6,87.95,INR,NEW,2026-02-06 22:12:47
2458,1103,3,01/01/2025,3,69.65,INR,NEW,2026-02-06 22:12:47
2459,49,1,07/30/2025,1,73.89,EUR,NEW,2026-02-06 22:12:47
2460,514,6,07/28/2025,2,2.87,INR,NEW,2026-02-06 22:12:47
2461,2373,3,12/07/2025,4,35.67,CAD,NEW,2026-02-06 22:12:47
2462,1445,1,05/27/2025,9,85.24,CAD,NEW,2026-02-06 22:12:47
2463,795,2,04/28/2025,5,36.97,USD,NEW,2026-02-06 22:12:47
2464,2157,9,09/01/2025,10,93.46,USD,NEW,2026-02-06 22:12:47
2465,113,9,01/03/2026,8,96.13,INR,NEW,2026-02-06 22:12:47
2466,2455,9,07/22/2025,5,54.35,USD,NEW,2026-02-06 22:12:47
2467,1493,1,05/24/2025,3,2.22,INR,NEW,2026-02-06 22:12:47
2468,2620,8,04/24/2025,3,87.37,CAD,NEW,2026-02-06 22:12:47
2469,1651,6,01/03/2026,7,40.79,CAD,NEW,2026-02-06 22:12:47
2470,1600,9,06/12/2025,1,77.72,CAD,NEW,2026-02-06 22:12:47
2471,2076,9,11/07/2025,5,65.10,USD,NEW,2026-02-06 22:12:47
2472,540,9,05/28/2025,8,79.45,INR,NEW,2026-02-06 22:12:47
2473,463,7,04/26/2025,1,13.74,CAD,NEW,2026-02-06 22:12:47
2474,2741,6,11/08/2025,3,34.62,CAD,NEW,2026-02-06 22:12:47
2475,2879,7,10/08/2025,6,49.01,USD,NEW,2026-02-06 22:12:47
2476,330,5,01/06/2026,3,64.01,INR,NEW,2026-02-06 22:12:47
2477,2121,7,07/08/2025,6,19.58,EUR,NEW,2026-02-06 22:12:47
2478,315,8,07/02/2025,8,95.52,USD,NEW,2026-02-06 22:12:47
2479,429,6,10/22/2025,1,63.66,INR,NEW,2026-02-06 22:12:47
2480,2574,1,09/21/2025,6,85.04,USD,NEW,2026-02-06 22:12:47
2481,759,1,06/17/2025,9,34.29,EUR,NEW,2026-02-06 22:12:47
2482,1615,5,12/29/2025,6,26.99,EUR,NEW,2026-02-06 22:12:47
2483,2951,7,06/07/2025,1,14.22,CAD,NEW,2026-02-06 22:12:47
2484,1029,9,04/12/2025,9,14.33,INR,NEW,2026-02-06 22:12:47
2485,1516,8,03/12/2025,8,75.27,USD,NEW,2026-02-06 22:12:47
2486,2253,9,11/08/2025,2,14.40,USD,NEW,2026-02-06 22:12:47
2487,1384,2,06/08/2025,5,46.16,INR,NEW,2026-02-06 22:12:47
2488,2612,10,07/09/2025,1,27.86,USD,NEW,2026-02-06 22:12:47
2489,511,7,02/23/2025,10,11.59,INR,NEW,2026-02-06 22:12:47
2490,2044,5,07/13/2025,10,51.20,INR,NEW,2026-02-06 22:12:47
2491,2601,6,12/07/2025,9,3.50,CAD,NEW,2026-02-06 22:12:47
2492,720,7,12/26/2025,5,18.04,INR,NEW,2026-02-06 22:12:47
2493,2695,4,12/28/2025,6,24.16,CAD,NEW,2026-02-06 22:12:47
2494,1914,4,01/08/2026,1,52.10,USD,NEW,2026-02-06 22:12:47
2495,18,3,07/02/2025,3,81.95,EUR,NEW,2026-02-06 22:12:47
2496,2800,1,07/21/2025,1,31.73,CAD,NEW,2026-02-06 22:12:47
2497,2491,5,12/04/2025,4,64.35,USD,NEW,2026-02-06 22:12:47
2498,1224,4,05/08/2025,9,18.77,CAD,NEW,2026-02-06 22:12:47
2499,993,9,08/05/2025,4,69.90,INR,NEW,2026-02-06 22:12:47
2500,1848,7,01/17/2025,7,72.40,CAD,NEW,2026-02-06 22:12:47
